Configuration,Project,Constraint ID,HIT@01?,HIT@05?,HIT@10?,HIT@15?,HIT@20?,Method Rank,Recall,Number Method Results,Data Set,Reciprocal Rank
CONTEXT,guava-28.0,GUA-1,0,0,0,0,0,120,1,7795,CDS,0.008333333333333
CONTEXT,guava-28.0,GUA-2,1,1,1,1,1,1,1,3881,CDS,1
CONTEXT,guava-28.0,GUA-3,0,0,0,0,0,79,1,7756,CDS,0.012658227848101
CONTEXT,guava-28.0,GUA-4,0,1,1,1,1,2,1,10505,CDS,0.5
CONTEXT,guava-28.0,GUA-5,0,1,1,1,1,2,1,10027,CDS,0.5
CONTEXT,guava-28.0,GUA-6,1,1,1,1,1,1,1,8888,CDS,1
CONTEXT,guava-28.0,GUA-7,0,1,1,1,1,4,1,6717,CDS,0.25
CONTEXT,guava-28.0,GUA-8,1,1,1,1,1,1,1,5785,CDS,1
CONTEXT,jpos-2.1.4,JPO-2,0,0,0,1,1,12,1,2986,VDS,0.083333333333333
CONTEXT,jpos-2.1.4,JPO-3,1,1,1,1,1,1,1,4257,VDS,1
CONTEXT,jpos-2.1.4,JPO-4,0,1,1,1,1,3,1,4088,VDS,0.333333333333333
CONTEXT,jpos-2.1.4,JPO-5,0,0,0,0,0,,0,2878,VDS,0
CONTEXT,jpos-2.1.4,JPO-8,1,1,1,1,1,1,1,3610,VDS,1
CONTEXT,jpos-2.1.4,JPO-18,1,1,1,1,1,1,1,2350,VDS,1
CONTEXT,jpos-2.1.4,JPO-6,0,1,1,1,1,3,1,1856,VDS,0.333333333333333
CONTEXT,jpos-2.1.4,JPO-14,1,1,1,1,1,1,1,1691,VDS,1
CONTEXT,jpos-2.1.4,JPO-17,0,0,0,0,1,17,1,944,VDS,0.058823529411765
CONTEXT,jpos-2.1.4,JPO-1,0,0,0,0,0,157,1,1540,VDS,0.006369426751592
CONTEXT,jpos-2.1.4,JPO-9,1,1,1,1,1,1,1,1417,VDS,1
CONTEXT,jpos-2.1.4,JPO-10,0,0,0,0,0,186,1,1251,VDS,0.005376344086022
CONTEXT,jpos-2.1.4,JPO-11,1,1,1,1,1,1,1,2325,VDS,1
CONTEXT,jpos-2.1.4,JPO-12,0,0,0,0,0,1152,1,1777,VDS,0.000868055555556
CONTEXT,jpos-2.1.4,JPO-19,1,1,1,1,1,1,1,2878,VDS,1
CONTEXT,jpos-2.1.4,JPO-20,0,0,0,0,0,258,1,4088,VDS,0.003875968992248
CONTEXT,jpos-2.1.4,JPO-7,1,1,1,1,1,1,1,1871,VDS,1
CONTEXT,jpos-2.1.4,JPO-13,0,1,1,1,1,4,1,1859,VDS,0.25
CONTEXT,jpos-2.1.4,JPO-15,0,0,1,1,1,7,1,1716,VDS,0.142857142857143
CONTEXT,jpos-2.1.4,JPO-16,0,0,0,0,0,36,1,1824,VDS,0.027777777777778
CONTEXT,joda_time-2.10.3,JTI-1,0,0,0,0,0,3253,1,3890,CDS,0.000307408545958
CONTEXT,joda_time-2.10.3,JTI-2,1,1,1,1,1,1,1,3362,CDS,1
CONTEXT,joda_time-2.10.3,JTI-3,0,0,0,0,0,314,1,3122,CDS,0.003184713375796
CONTEXT,joda_time-2.10.3,JTI-4,0,0,0,0,0,2412,1,2939,CDS,0.000414593698176
CONTEXT,joda_time-2.10.3,JTI-5,0,1,1,1,1,5,1,3122,CDS,0.2
CONTEXT,joda_time-2.10.3,JTI-6,0,0,1,1,1,6,1,3122,CDS,0.166666666666667
CONTEXT,joda_time-2.10.3,JTI-7,0,0,0,0,0,2412,1,2939,CDS,0.000414593698176
CONTEXT,joda_time-2.10.3,JTI-8,0,0,1,1,1,6,1,2355,CDS,0.166666666666667
CONTEXT,joda_time-2.10.3,JTI-9,0,0,1,1,1,6,1,1142,CDS,0.166666666666667
CONTEXT,joda_time-2.10.3,JTI-10,1,1,1,1,1,1,1,2641,CDS,1
CONTEXT,joda_time-2.10.3,JTI-11,0,0,0,0,0,142,1,808,CDS,0.007042253521127
CONTEXT,joda_time-2.10.3,JTI-12,0,0,0,0,0,1797,1,2932,CDS,0.000556483027268
CONTEXT,mybatis-3.5.5,MYB-2,0,0,0,0,0,21,1,493,VDS,0.047619047619048
CONTEXT,mybatis-3.5.5,MYB-4,0,0,0,0,0,36,1,786,VDS,0.027777777777778
CONTEXT,mybatis-3.5.5,MYB-6,0,0,0,1,1,13,1,934,VDS,0.076923076923077
CONTEXT,mybatis-3.5.5,MYB-11,0,0,0,0,0,247,1,1080,VDS,0.004048582995951
CONTEXT,mybatis-3.5.5,MYB-9,0,0,0,0,0,283,1,1581,VDS,0.003533568904594
CONTEXT,mybatis-3.5.5,MYB-7,0,0,0,0,1,16,1,1034,VDS,0.0625
CONTEXT,mybatis-3.5.5,MYB-3,0,0,0,0,0,71,1,1117,VDS,0.014084507042254
CONTEXT,mybatis-3.5.5,MYB-12,0,0,0,0,0,430,1,2393,VDS,0.002325581395349
CONTEXT,mybatis-3.5.5,MYB-13,0,1,1,1,1,5,1,1449,VDS,0.2
CONTEXT,mybatis-3.5.5,MYB-14,0,0,0,0,0,49,1,2136,VDS,0.020408163265306
CONTEXT,mybatis-3.5.5,MYB-1,0,1,1,1,1,4,1,1935,VDS,0.25
CONTEXT,mybatis-3.5.5,MYB-15,0,0,1,1,1,6,1,1902,VDS,0.166666666666667
CONTEXT,mybatis-3.5.5,MYB-5,0,1,1,1,1,2,1,1273,VDS,0.5
CONTEXT,mybatis-3.5.5,MYB-8,0,0,0,0,0,303,1,544,VDS,0.003300330033003
CONTEXT,mybatis-3.5.5,MYB-10,0,0,1,1,1,7,1,1261,VDS,0.142857142857143
CONTEXT,checkstyle-8.35,CHK-17,0,0,0,1,1,11,1,2247,VDS,0.090909090909091
CONTEXT,checkstyle-8.35,CHK-1,0,0,0,0,0,117,1,3617,VDS,0.008547008547009
CONTEXT,checkstyle-8.35,CHK-8,0,1,1,1,1,5,1,1967,VDS,0.2
CONTEXT,checkstyle-8.35,CHK-9,0,1,1,1,1,2,1,3486,VDS,0.5
CONTEXT,checkstyle-8.35,CHK-10,0,0,1,1,1,10,1,4613,VDS,0.1
CONTEXT,checkstyle-8.35,CHK-11,0,0,1,1,1,9,1,2907,VDS,0.111111111111111
CONTEXT,checkstyle-8.35,CHK-15,0,0,0,0,1,18,1,4412,VDS,0.055555555555556
CONTEXT,checkstyle-8.35,CHK-16,1,1,1,1,1,1,1,2045,VDS,1
CONTEXT,checkstyle-8.35,CHK-2,0,0,1,1,1,8,1,4031,VDS,0.125
CONTEXT,checkstyle-8.35,CHK-4,0,0,0,0,0,76,1,2767,VDS,0.013157894736842
CONTEXT,checkstyle-8.35,CHK-5,0,1,1,1,1,3,1,2429,VDS,0.333333333333333
CONTEXT,checkstyle-8.35,CHK-6,0,1,1,1,1,5,1,3407,VDS,0.2
CONTEXT,checkstyle-8.35,CHK-7,1,1,1,1,1,1,1,4188,VDS,1
CONTEXT,checkstyle-8.35,CHK-12,0,0,0,0,0,44,1,3208,VDS,0.022727272727273
CONTEXT,checkstyle-8.35,CHK-13,0,1,1,1,1,5,1,3681,VDS,0.2
CONTEXT,checkstyle-8.35,CHK-14,0,1,1,1,1,4,1,3726,VDS,0.25
CONTEXT,checkstyle-8.35,CHK-3,0,0,0,0,0,,0,3594,VDS,0
CONTEXT,checkstyle-8.35,CHK-18,1,1,1,1,1,1,1,2415,VDS,1
CONTEXT,checkstyle-8.35,CHK-19,0,1,1,1,1,2,1,5187,VDS,0.5
CONTEXT,log4j-2.13.3,LOG-1,0,0,1,1,1,10,1,4081,VDS,0.1
CONTEXT,log4j-2.13.3,LOG-5,1,1,1,1,1,1,1,6636,VDS,1
CONTEXT,log4j-2.13.3,LOG-4,0,0,0,0,0,649,1,5805,VDS,0.001540832049307
CONTEXT,log4j-2.13.3,LOG-6,0,1,1,1,1,4,1,9391,VDS,0.25
CONTEXT,log4j-2.13.3,LOG-8,0,0,0,0,0,76,1,7464,VDS,0.013157894736842
CONTEXT,log4j-2.13.3,LOG-9,0,0,1,1,1,7,1,5633,VDS,0.142857142857143
CONTEXT,log4j-2.13.3,LOG-12,0,0,0,1,1,11,1,7726,VDS,0.090909090909091
CONTEXT,log4j-2.13.3,LOG-13,0,1,1,1,1,5,1,7051,VDS,0.2
CONTEXT,log4j-2.13.3,LOG-14,0,0,0,0,0,57,1,6982,VDS,0.017543859649123
CONTEXT,log4j-2.13.3,LOG-15,0,0,0,0,0,52,1,9233,VDS,0.019230769230769
CONTEXT,log4j-2.13.3,LOG-16,0,1,1,1,1,4,1,5467,VDS,0.25
CONTEXT,log4j-2.13.3,LOG-17,0,0,0,0,0,96,1,6340,VDS,0.010416666666667
CONTEXT,log4j-2.13.3,LOG-18,0,0,1,1,1,8,1,6973,VDS,0.125
CONTEXT,log4j-2.13.3,LOG-2,0,0,1,1,1,6,1,10433,VDS,0.166666666666667
CONTEXT,log4j-2.13.3,LOG-3,0,0,0,0,0,32,1,5510,VDS,0.03125
CONTEXT,log4j-2.13.3,LOG-10,0,0,1,1,1,7,1,7636,VDS,0.142857142857143
CONTEXT,log4j-2.13.3,LOG-11,0,0,0,0,1,17,1,6715,VDS,0.058823529411765
CONTEXT,log4j-2.13.3,LOG-7,0,1,1,1,1,5,1,5183,VDS,0.2
CONTEXT,skywalking-8.0.1,SKY-2,0,1,1,1,1,4,1,5893,VDS,0.25
CONTEXT,skywalking-8.0.1,SKY-14,0,1,1,1,1,2,1,3112,VDS,0.5
CONTEXT,skywalking-8.0.1,SKY-17,0,0,0,1,1,12,1,4618,VDS,0.083333333333333
CONTEXT,skywalking-8.0.1,SKY-22,0,1,1,1,1,4,1,3303,VDS,0.25
CONTEXT,skywalking-8.0.1,SKY-25,0,1,1,1,1,2,1,5374,VDS,0.5
CONTEXT,skywalking-8.0.1,SKY-26,0,0,0,0,0,115,1,3131,VDS,0.008695652173913
CONTEXT,skywalking-8.0.1,SKY-3,0,0,0,0,0,263,1,6193,VDS,0.003802281368821
CONTEXT,skywalking-8.0.1,SKY-20,0,0,0,0,0,40,1,2959,VDS,0.025
CONTEXT,skywalking-8.0.1,SKY-1,1,1,1,1,1,1,1,5444,VDS,1
CONTEXT,skywalking-8.0.1,SKY-4,1,1,1,1,1,1,1,4665,VDS,1
CONTEXT,skywalking-8.0.1,SKY-5,0,1,1,1,1,2,1,4980,VDS,0.5
CONTEXT,skywalking-8.0.1,SKY-7,1,1,1,1,1,1,1,4882,VDS,1
CONTEXT,skywalking-8.0.1,SKY-8,0,1,1,1,1,3,1,4466,VDS,0.333333333333333
CONTEXT,skywalking-8.0.1,SKY-9,1,1,1,1,1,1,1,5528,VDS,1
CONTEXT,skywalking-8.0.1,SKY-10,1,1,1,1,1,1,1,6252,VDS,1
CONTEXT,skywalking-8.0.1,SKY-11,1,1,1,1,1,1,1,2821,VDS,1
CONTEXT,skywalking-8.0.1,SKY-12,1,1,1,1,1,1,1,2163,VDS,1
CONTEXT,skywalking-8.0.1,SKY-13,0,1,1,1,1,4,1,3266,VDS,0.25
CONTEXT,skywalking-8.0.1,SKY-15,0,1,1,1,1,3,1,3597,VDS,0.333333333333333
CONTEXT,skywalking-8.0.1,SKY-16,1,1,1,1,1,1,1,4024,VDS,1
CONTEXT,skywalking-8.0.1,SKY-18,0,0,1,1,1,10,1,3311,VDS,0.1
CONTEXT,skywalking-8.0.1,SKY-19,0,0,1,1,1,7,1,3314,VDS,0.142857142857143
CONTEXT,skywalking-8.0.1,SKY-21,1,1,1,1,1,1,1,3739,VDS,1
CONTEXT,skywalking-8.0.1,SKY-24,1,1,1,1,1,1,1,4353,VDS,1
CONTEXT,skywalking-8.0.1,SKY-27,1,1,1,1,1,1,1,3480,VDS,1
CONTEXT,skywalking-8.0.1,SKY-23,0,1,1,1,1,2,1,3410,VDS,0.5
CONTEXT,skywalking-8.0.1,SKY-6,0,1,1,1,1,2,1,4155,VDS,0.5
CONTEXT,apache-httpcomponents-4.5.9,HCO-1,0,0,0,0,0,430,1,3866,CDS,0.002325581395349
CONTEXT,apache-httpcomponents-4.5.9,HCO-2,0,0,0,0,0,27,1,2811,CDS,0.037037037037037
CONTEXT,apache-httpcomponents-4.5.9,HCO-3,0,0,0,1,1,14,1,946,CDS,0.071428571428572
CONTEXT,apache-httpcomponents-4.5.9,HCO-4,0,0,1,1,1,7,1,1128,CDS,0.142857142857143
CONTEXT,apache-httpcomponents-4.5.9,HCO-5,1,1,1,1,1,1,1,2720,CDS,1
CONTEXT,apache-httpcomponents-4.5.9,HCO-6,0,0,0,0,1,17,1,788,CDS,0.058823529411765
CONTEXT,apache-httpcomponents-4.5.9,HCO-7,0,0,0,0,0,105,1,3473,CDS,0.00952380952381
CONTEXT,apache-httpcomponents-4.5.9,HCO-8,0,0,1,1,1,7,1,1901,CDS,0.142857142857143
CONTEXT,apache-httpcomponents-4.5.9,HCO-9,0,0,0,0,0,4599,1,4932,CDS,0.000217438573603
CONTEXT,apache-httpcomponents-4.5.9,HCO-10,0,0,0,0,0,1473,1,2980,CDS,0.000678886625933
CONTEXT,apache-httpcomponents-4.5.9,HCO-11,0,0,0,0,0,55,1,2592,CDS,0.018181818181818
CONTEXT,apache-httpcomponents-4.5.9,HCO-12,0,0,0,0,0,23,1,4805,CDS,0.043478260869565
CONTEXT,apache-httpcomponents-4.5.9,HCO-13,0,0,0,1,1,12,1,2403,CDS,0.083333333333333
CONTEXT,apache-httpcomponents-4.5.9,HCO-14,0,0,0,0,0,26,1,3189,CDS,0.038461538461539
CONTEXT,apache-httpcomponents-4.5.9,HCO-15,0,0,0,0,1,18,1,4881,CDS,0.055555555555556
CONTEXT,apache-httpcomponents-4.5.9,HCO-16,0,0,1,1,1,7,1,1015,CDS,0.142857142857143
CONTEXT,apache-httpcomponents-4.5.9,HCO-17,0,0,0,0,0,52,1,2765,CDS,0.019230769230769
CONTEXT,apache-httpcomponents-4.5.9,HCO-18,0,0,0,0,0,59,1,2753,CDS,0.016949152542373
CONTEXT,apache-httpcomponents-4.5.9,HCO-19,0,0,1,1,1,10,1,2074,CDS,0.1
CONTEXT,apache-httpcomponents-4.5.9,HCO-20,0,0,1,1,1,10,1,1795,CDS,0.1
CONTEXT,swarm-2.8.11,SWA-1,1,1,1,1,1,1,1,3498,CDS,1
CONTEXT,swarm-2.8.11,SWA-2,0,0,0,1,1,14,1,3498,CDS,0.071428571428572
CONTEXT,swarm-2.8.11,SWA-3,0,0,0,0,0,78,1,1708,CDS,0.012820512820513
CONTEXT,swarm-2.8.11,SWA-4,0,0,0,0,0,1112,1,1253,CDS,0.00089928057554
CONTEXT,swarm-2.8.11,SWA-5,0,0,0,0,0,49,1,1990,CDS,0.020408163265306
CONTEXT,swarm-2.8.11,SWA-6,0,0,0,1,1,14,1,1771,CDS,0.071428571428572
CONTEXT,swarm-2.8.11,SWA-7,0,0,0,0,0,32,1,2801,CDS,0.03125
CONTEXT,swarm-2.8.11,SWA-8,0,0,1,1,1,8,1,2179,CDS,0.125
CONTEXT,swarm-2.8.11,SWA-9,0,0,0,0,0,103,1,854,CDS,0.009708737864078
CONTEXT,swarm-2.8.11,SWA-10,0,0,0,0,0,101,1,818,CDS,0.00990099009901
CONTEXT,swarm-2.8.11,SWA-11,0,0,0,0,0,25,1,2796,CDS,0.04
CONTEXT,swarm-2.8.11,SWA-12,0,0,0,0,0,38,1,2168,CDS,0.026315789473684
CONTEXT,swarm-2.8.11,SWA-13,0,0,0,0,1,19,1,488,CDS,0.052631578947369
CONTEXT,swarm-2.8.11,SWA-14,0,0,0,0,1,19,1,1052,CDS,0.052631578947369
CONTEXT,swarm-2.8.11,SWA-15,0,0,0,0,0,83,1,242,CDS,0.012048192771084
CONTEXT,swarm-2.8.11,SWA-16,1,1,1,1,1,1,1,672,CDS,1
CONTEXT,swarm-2.8.11,SWA-17,1,1,1,1,1,1,1,3552,CDS,1
CONTEXT,swarm-2.8.11,SWA-18,0,0,0,0,0,112,1,3872,CDS,0.008928571428571
CONTEXT,swarm-2.8.11,SWA-19,0,0,0,0,0,122,1,3872,CDS,0.008196721311475
CONTEXT,swarm-2.8.11,SWA-20,0,0,0,1,1,11,1,828,CDS,0.090909090909091
CONTEXT,swarm-2.8.11,SWA-21,1,1,1,1,1,1,1,2190,CDS,1
CONTEXT,swarm-2.8.11,SWA-22,0,1,1,1,1,4,1,1779,CDS,0.25
CONTEXT,swarm-2.8.11,SWA-23,0,0,0,0,0,57,1,2895,CDS,0.017543859649123
CONTEXT,swarm-2.8.11,SWA-24,1,1,1,1,1,1,1,1467,CDS,1
CONTEXT,swarm-2.8.11,SWA-25,0,0,1,1,1,8,1,588,CDS,0.125
CONTEXT,shardingsphere-5.0.0-rc1,SHS-2,0,0,1,1,1,6,1,3803,VDS,0.166666666666667
CONTEXT,shardingsphere-5.0.0-rc1,SHS-3,1,1,1,1,1,1,1,4121,VDS,1
CONTEXT,shardingsphere-5.0.0-rc1,SHS-4,0,1,1,1,1,5,1,798,VDS,0.2
CONTEXT,shardingsphere-5.0.0-rc1,SHS-5,1,1,1,1,1,1,1,4247,VDS,1
CONTEXT,shardingsphere-5.0.0-rc1,SHS-6,1,1,1,1,1,1,1,3512,VDS,1
CONTEXT,shardingsphere-5.0.0-rc1,SHS-10,1,1,1,1,1,1,1,4847,VDS,1
CONTEXT,shardingsphere-5.0.0-rc1,SHS-11,1,1,1,1,1,1,1,3058,VDS,1
CONTEXT,shardingsphere-5.0.0-rc1,SHS-12,1,1,1,1,1,1,1,3045,VDS,1
CONTEXT,shardingsphere-5.0.0-rc1,SHS-9,0,1,1,1,1,3,1,4870,VDS,0.333333333333333
CONTEXT,shardingsphere-5.0.0-rc1,SHS-7,0,1,1,1,1,5,1,3458,VDS,0.2
CONTEXT,shardingsphere-5.0.0-rc1,SHS-1,0,1,1,1,1,4,1,2577,VDS,0.25
CONTEXT,shardingsphere-5.0.0-rc1,SHS-8,1,1,1,1,1,1,1,4100,VDS,1
CONTEXT,shardingsphere-5.0.0-rc1,SHS-13,0,0,0,0,0,35,1,2259,VDS,0.028571428571429
CONTEXT,shardingsphere-5.0.0-rc1,SHS-14,1,1,1,1,1,1,1,737,VDS,1
CONTEXT,jedit-5.6pre0,JED-1,0,0,1,1,1,10,1,4377,CDS,0.1
CONTEXT,jedit-5.6pre0,JED-2,0,0,1,1,1,8,1,3629,CDS,0.125
CONTEXT,jedit-5.6pre0,JED-3,0,0,0,0,0,570,1,3702,CDS,0.001754385964912
CONTEXT,jedit-5.6pre0,JED-4,0,0,0,0,0,929,1,6493,CDS,0.001076426264801
CONTEXT,jedit-5.6pre0,JED-5,0,0,0,0,0,929,1,6493,CDS,0.001076426264801
CONTEXT,jedit-5.6pre0,JED-6,0,0,0,0,0,,0,6493,CDS,0
CONTEXT,jedit-5.6pre0,JED-7,0,0,0,1,1,14,1,4642,CDS,0.071428571428572
CONTEXT,jedit-5.6pre0,JED-8,1,1,1,1,1,1,1,4642,CDS,1
CONTEXT,jedit-5.6pre0,JED-9,0,1,1,1,1,4,1,4122,CDS,0.25
CONTEXT,jedit-5.6pre0,JED-10,0,0,0,0,0,,0,6131,CDS,0
CONTEXT,jedit-5.6pre0,JED-11,0,0,0,0,0,83,1,3337,CDS,0.012048192771084
CONTEXT,jedit-5.6pre0,JED-12,0,1,1,1,1,3,1,3983,CDS,0.333333333333333
CONTEXT,jedit-5.6pre0,JED-13,1,1,1,1,1,1,1,2688,CDS,1
CONTEXT,jedit-5.6pre0,JED-14,0,1,1,1,1,3,1,4153,CDS,0.333333333333333
CONTEXT,jedit-5.6pre0,JED-15,0,1,1,1,1,2,1,4332,CDS,0.5
CONTEXT,jedit-5.6pre0,JED-16,0,0,1,1,1,10,1,3908,CDS,0.1
CONTEXT,jedit-5.6pre0,JED-17,0,0,1,1,1,7,1,3814,CDS,0.142857142857143
CONTEXT,jedit-5.6pre0,JED-18,0,0,0,1,1,12,1,4541,CDS,0.083333333333333
CONTEXT,jedit-5.6pre0,JED-19,0,1,1,1,1,5,1,4541,CDS,0.2
CONTEXT,jedit-5.6pre0,JED-20,0,0,0,0,1,17,1,3333,CDS,0.058823529411765
CONTEXT,jedit-5.6pre0,JED-21,0,1,1,1,1,3,1,5366,CDS,0.333333333333333
CONTEXT,jedit-5.6pre0,JED-22,0,1,1,1,1,3,1,4755,CDS,0.333333333333333
CONTEXT,jedit-5.6pre0,JED-23,0,0,0,0,0,,0,4588,CDS,0
CONTEXT,jedit-5.6pre0,JED-24,0,0,1,1,1,6,1,1408,CDS,0.166666666666667
CONTEXT,jedit-5.6pre0,JED-25,0,1,1,1,1,2,1,1631,CDS,0.5
CONTEXT,jedit-5.6pre0,JED-26,0,1,1,1,1,2,1,4521,CDS,0.5
CONTEXT,jedit-5.6pre0,JED-27,0,0,0,1,1,12,1,6612,CDS,0.083333333333333
CONTEXT,jedit-5.6pre0,JED-28,0,0,1,1,1,8,1,4492,CDS,0.125
CONTEXT,rhino-1.6R5,RHI-1,1,1,1,1,1,1,1,1607,CDS,1
CONTEXT,rhino-1.6R5,RHI-2,0,0,0,0,0,31,1,1129,CDS,0.032258064516129
CONTEXT,rhino-1.6R5,RHI-3,0,1,1,1,1,4,1,1728,CDS,0.25
CONTEXT,rhino-1.6R5,RHI-4,0,0,0,0,0,539,1,1063,CDS,0.001855287569573
CONTEXT,rhino-1.6R5,RHI-5,0,0,0,0,0,82,1,1291,CDS,0.01219512195122
CONTEXT,rhino-1.6R5,RHI-6,0,1,1,1,1,2,1,1824,CDS,0.5
CONTEXT,rhino-1.6R5,RHI-7,0,0,0,0,0,192,1,1520,CDS,0.005208333333333
CONTEXT,rhino-1.6R5,RHI-8,0,0,0,0,0,849,1,1522,CDS,0.001177856301531
CONTEXT,rhino-1.6R5,RHI-9,0,0,0,0,0,511,1,1875,CDS,0.001956947162427
CONTEXT,rhino-1.6R5,RHI-10,0,0,0,0,0,93,1,1802,CDS,0.010752688172043
CONTEXT,rhino-1.6R5,RHI-11,0,0,0,0,0,64,1,1377,CDS,0.015625
CONTEXT,rhino-1.6R5,RHI-12,0,1,1,1,1,3,1,1923,CDS,0.333333333333333
CONTEXT,rhino-1.6R5,RHI-13,0,1,1,1,1,2,1,1923,CDS,0.5
CONTEXT,rhino-1.6R5,RHI-14,0,1,1,1,1,3,1,1923,CDS,0.333333333333333
CONTEXT,rhino-1.6R5,RHI-15,0,1,1,1,1,3,1,1267,CDS,0.333333333333333
CONTEXT,rhino-1.6R5,RHI-16,1,1,1,1,1,1,1,1443,CDS,1
CONTEXT,rhino-1.6R5,RHI-17,0,0,0,1,1,11,1,2040,CDS,0.090909090909091
CONTEXT,rhino-1.6R5,RHI-18,0,1,1,1,1,5,1,2097,CDS,0.2
CONTEXT,rhino-1.6R5,RHI-19,0,0,0,0,0,94,1,2053,CDS,0.010638297872341
CONTEXT,rhino-1.6R5,RHI-20,0,1,1,1,1,2,1,1956,CDS,0.5
CONTEXT,rhino-1.6R5,RHI-21,0,0,0,0,0,1418,1,2160,CDS,0.000705218617772
CONTEXT,jabref-5.0,JAB-6,0,0,1,1,1,9,1,4320,VDS,0.111111111111111
CONTEXT,jabref-5.0,JAB-13,0,1,1,1,1,2,1,5437,VDS,0.5
CONTEXT,jabref-5.0,JAB-14,0,0,0,0,0,100,1,5544,VDS,0.01
CONTEXT,jabref-5.0,JAB-15,0,0,0,0,0,28,1,4441,VDS,0.035714285714286
CONTEXT,jabref-5.0,JAB-16,0,1,1,1,1,2,1,3739,VDS,0.5
CONTEXT,jabref-5.0,JAB-9,0,0,1,1,1,6,1,7192,VDS,0.166666666666667
CONTEXT,jabref-5.0,JAB-10,0,0,0,0,0,23,1,7077,VDS,0.043478260869565
CONTEXT,jabref-5.0,JAB-11,0,0,1,1,1,8,1,4228,VDS,0.125
CONTEXT,jabref-5.0,JAB-1,1,1,1,1,1,1,1,4643,VDS,1
CONTEXT,jabref-5.0,JAB-2,0,1,1,1,1,2,1,3403,VDS,0.5
CONTEXT,jabref-5.0,JAB-4,0,0,0,0,0,215,1,5431,VDS,0.004651162790698
CONTEXT,jabref-5.0,JAB-5,1,1,1,1,1,1,1,1997,VDS,1
CONTEXT,jabref-5.0,JAB-8,0,0,0,0,0,44,1,2601,VDS,0.022727272727273
CONTEXT,jabref-5.0,JAB-18,0,1,1,1,1,4,1,4245,VDS,0.25
CONTEXT,jabref-5.0,JAB-20,0,0,0,0,1,18,1,3794,VDS,0.055555555555556
CONTEXT,jabref-5.0,JAB-21,1,1,1,1,1,1,1,4877,VDS,1
CONTEXT,jabref-5.0,JAB-12,0,0,1,1,1,7,1,3365,VDS,0.142857142857143
CONTEXT,jabref-5.0,JAB-3,0,0,0,0,1,17,1,4341,VDS,0.058823529411765
CONTEXT,jabref-5.0,JAB-7,0,0,0,0,0,3073,1,3689,VDS,0.000325414904003
CONTEXT,jabref-5.0,JAB-17,0,1,1,1,1,2,1,5241,VDS,0.5
CONTEXT,jabref-5.0,JAB-22,1,1,1,1,1,1,1,1866,VDS,1
CONTEXT,jabref-5.0,JAB-19,0,0,0,0,0,21,1,4394,VDS,0.047619047619048
CONTEXT,jabref-5.0,JAB-23,0,0,1,1,1,6,1,2364,VDS,0.166666666666667
CONTEXT,argouml-0.35.4,UML-1,0,0,0,0,0,264,1,6663,CDS,0.003787878787879
CONTEXT,argouml-0.35.4,UML-2,0,0,0,0,1,19,1,4964,CDS,0.052631578947369
CONTEXT,argouml-0.35.4,UML-3,0,1,1,1,1,4,1,8080,CDS,0.25
CONTEXT,argouml-0.35.4,UML-4,0,0,0,0,0,194,1,10643,CDS,0.005154639175258
CONTEXT,argouml-0.35.4,UML-5,0,0,0,0,0,175,1,10536,CDS,0.005714285714286
CONTEXT,argouml-0.35.4,UML-6,0,0,0,0,0,105,1,10936,CDS,0.00952380952381
CONTEXT,argouml-0.35.4,UML-7,0,0,0,0,0,23,1,10936,CDS,0.043478260869565
CONTEXT,argouml-0.35.4,UML-8,0,0,0,1,1,12,1,4166,CDS,0.083333333333333
CONTEXT,argouml-0.35.4,UML-9,0,0,0,0,0,58,1,10318,CDS,0.017241379310345
CONTEXT,argouml-0.35.4,UML-10,0,0,0,0,1,19,1,11606,CDS,0.052631578947369
CONTEXT,argouml-0.35.4,UML-11,0,0,0,0,0,146,1,11606,CDS,0.006849315068493
CONTEXT,argouml-0.35.4,UML-12,0,0,0,0,1,16,1,11748,CDS,0.0625
CONTEXT,argouml-0.35.4,UML-13,0,0,0,0,0,24,1,11748,CDS,0.041666666666667
CONTEXT,argouml-0.35.4,UML-14,0,0,1,1,1,9,1,11146,CDS,0.111111111111111
CONTEXT,argouml-0.35.4,UML-15,0,0,0,0,0,31,1,11146,CDS,0.032258064516129
CONTEXT,argouml-0.35.4,UML-16,0,0,0,0,0,267,1,9088,CDS,0.00374531835206
CONTEXT,argouml-0.35.4,UML-17,0,0,0,0,1,17,1,12284,CDS,0.058823529411765
CONTEXT,argouml-0.35.4,UML-18,0,1,1,1,1,4,1,12032,CDS,0.25
CONTEXT,argouml-0.35.4,UML-19,0,1,1,1,1,4,1,3719,CDS,0.25
CONTEXT,argouml-0.35.4,UML-20,0,0,0,0,0,181,1,7091,CDS,0.005524861878453
CONTEXT,argouml-0.35.4,UML-21,0,0,0,0,1,20,1,3520,CDS,0.05
CONTEXT,argouml-0.35.4,UML-22,0,1,1,1,1,4,1,2059,CDS,0.25
CONTEXT,apache-ant-1.10.6,ANT-1,0,0,0,0,0,2748,1,7420,CDS,0.000363901018923
CONTEXT,apache-ant-1.10.6,ANT-2,0,1,1,1,1,3,1,4838,CDS,0.333333333333333
CONTEXT,apache-ant-1.10.6,ANT-3,0,0,0,0,0,558,1,8263,CDS,0.001792114695341
CONTEXT,apache-ant-1.10.6,ANT-4,0,0,0,0,0,254,1,8263,CDS,0.003937007874016
CONTEXT,apache-ant-1.10.6,ANT-5,0,0,0,0,0,24,1,8895,CDS,0.041666666666667
CONTEXT,apache-ant-1.10.6,ANT-6,0,0,0,0,0,248,1,4187,CDS,0.004032258064516
CONTEXT,apache-ant-1.10.6,ANT-7,0,0,0,0,0,28,1,10934,CDS,0.035714285714286
CONTEXT,apache-ant-1.10.6,ANT-8,0,0,0,0,0,891,1,10934,CDS,0.001122334455668
CONTEXT,apache-ant-1.10.6,ANT-9,0,0,1,1,1,9,1,10543,CDS,0.111111111111111
CONTEXT,apache-ant-1.10.6,ANT-10,0,0,0,0,0,1158,1,2874,CDS,0.000863557858377
CONTEXT,apache-ant-1.10.6,ANT-11,1,1,1,1,1,1,1,4352,CDS,1
CONTEXT,apache-ant-1.10.6,ANT-12,0,0,1,1,1,7,1,8253,CDS,0.142857142857143
CONTEXT,apache-ant-1.10.6,ANT-13,1,1,1,1,1,1,1,8923,CDS,1
CONTEXT,apache-ant-1.10.6,ANT-14,0,0,0,0,1,16,1,7148,CDS,0.0625
CONTEXT,apache-ant-1.10.6,ANT-15,0,0,0,0,1,16,1,7148,CDS,0.0625
CONTEXT,apache-ant-1.10.6,ANT-16,0,0,0,0,0,95,1,1520,CDS,0.010526315789474
CONTEXT,apache-ant-1.10.6,ANT-17,1,1,1,1,1,1,1,6263,CDS,1
CONTEXT,apache-ant-1.10.6,ANT-18,0,0,0,0,0,51,1,10294,CDS,0.019607843137255
CONTEXT,apache-ant-1.10.6,ANT-19,0,0,0,0,0,21,1,2461,CDS,0.047619047619048
CONTEXT,apache-ant-1.10.6,ANT-20,0,0,0,0,0,69,1,7498,CDS,0.014492753623188
CONTEXT,apache-ant-1.10.6,ANT-21,0,0,0,0,0,70,1,9371,CDS,0.014285714285714
CONTEXT,apache-ant-1.10.6,ANT-22,0,0,0,0,0,158,1,2234,CDS,0.006329113924051
CONTEXT,apache-ant-1.10.6,ANT-23,0,0,0,0,0,388,1,8945,CDS,0.002577319587629
CONTEXT,apache-ant-1.10.6,ANT-24,0,0,0,0,1,18,1,9337,CDS,0.055555555555556
CONTEXT,apache-ant-1.10.6,ANT-25,0,0,0,0,0,43,1,8282,CDS,0.023255813953488
CONTEXT,apache-ant-1.10.6,ANT-26,0,0,0,0,0,102,1,7803,CDS,0.009803921568627
CONTEXT,apache-ant-1.10.6,ANT-27,0,0,0,0,0,272,1,7803,CDS,0.003676470588235
OPERANDS,guava-28.0,GUA-1,0,0,0,0,0,28,1,5619,CDS,0.035714285714286
OPERANDS,guava-28.0,GUA-2,0,0,0,0,0,86,1,769,CDS,0.011627906976744
OPERANDS,guava-28.0,GUA-3,0,0,0,0,0,216,1,5498,CDS,0.00462962962963
OPERANDS,guava-28.0,GUA-4,0,0,1,1,1,9,1,2719,CDS,0.111111111111111
OPERANDS,guava-28.0,GUA-5,0,0,1,1,1,8,1,2288,CDS,0.125
OPERANDS,guava-28.0,GUA-6,0,0,0,0,0,21,1,2655,CDS,0.047619047619048
OPERANDS,guava-28.0,GUA-7,0,1,1,1,1,5,1,3524,CDS,0.2
OPERANDS,guava-28.0,GUA-8,1,1,1,1,1,1,1,1117,CDS,1
OPERANDS,jpos-2.1.4,JPO-2,0,0,0,0,0,385,1,418,VDS,0.002597402597403
OPERANDS,jpos-2.1.4,JPO-3,0,0,0,0,0,107,1,159,VDS,0.009345794392523
OPERANDS,jpos-2.1.4,JPO-4,0,0,0,0,0,184,1,198,VDS,0.005434782608696
OPERANDS,jpos-2.1.4,JPO-5,0,0,0,0,0,,0,310,VDS,0
OPERANDS,jpos-2.1.4,JPO-8,1,1,1,1,1,1,1,3014,VDS,1
OPERANDS,jpos-2.1.4,JPO-18,0,0,1,1,1,6,1,681,VDS,0.166666666666667
OPERANDS,jpos-2.1.4,JPO-6,1,1,1,1,1,1,1,191,VDS,1
OPERANDS,jpos-2.1.4,JPO-14,0,0,1,1,1,9,1,71,VDS,0.111111111111111
OPERANDS,jpos-2.1.4,JPO-17,0,0,0,0,1,19,1,203,VDS,0.052631578947369
OPERANDS,jpos-2.1.4,JPO-1,0,0,0,0,0,121,1,1149,VDS,0.008264462809917
OPERANDS,jpos-2.1.4,JPO-9,1,1,1,1,1,1,1,223,VDS,1
OPERANDS,jpos-2.1.4,JPO-10,0,0,1,1,1,7,1,111,VDS,0.142857142857143
OPERANDS,jpos-2.1.4,JPO-11,0,0,0,1,1,12,1,48,VDS,0.083333333333333
OPERANDS,jpos-2.1.4,JPO-12,0,0,0,0,0,98,1,168,VDS,0.010204081632653
OPERANDS,jpos-2.1.4,JPO-19,1,1,1,1,1,1,1,199,VDS,1
OPERANDS,jpos-2.1.4,JPO-20,0,0,1,1,1,10,1,1038,VDS,0.1
OPERANDS,jpos-2.1.4,JPO-7,1,1,1,1,1,1,1,471,VDS,1
OPERANDS,jpos-2.1.4,JPO-13,1,1,1,1,1,1,1,416,VDS,1
OPERANDS,jpos-2.1.4,JPO-15,0,1,1,1,1,2,1,346,VDS,0.5
OPERANDS,jpos-2.1.4,JPO-16,0,1,1,1,1,3,1,316,VDS,0.333333333333333
OPERANDS,log4j-2.13.3,LOG-1,0,1,1,1,1,5,1,1402,VDS,0.2
OPERANDS,log4j-2.13.3,LOG-5,0,0,0,0,0,662,1,1105,VDS,0.001510574018127
OPERANDS,log4j-2.13.3,LOG-4,0,0,0,0,0,27,1,1891,VDS,0.037037037037037
OPERANDS,log4j-2.13.3,LOG-6,0,0,0,0,0,780,1,972,VDS,0.001282051282051
OPERANDS,log4j-2.13.3,LOG-8,0,0,0,0,0,60,1,871,VDS,0.016666666666667
OPERANDS,log4j-2.13.3,LOG-9,0,0,0,0,0,78,1,721,VDS,0.012820512820513
OPERANDS,log4j-2.13.3,LOG-12,0,0,0,0,0,47,1,884,VDS,0.021276595744681
OPERANDS,log4j-2.13.3,LOG-13,0,0,0,0,0,1334,1,1630,VDS,0.000749625187406
OPERANDS,log4j-2.13.3,LOG-14,0,0,0,0,0,55,1,721,VDS,0.018181818181818
OPERANDS,log4j-2.13.3,LOG-15,0,0,0,0,0,196,1,354,VDS,0.005102040816327
OPERANDS,log4j-2.13.3,LOG-16,0,0,0,0,0,925,1,1315,VDS,0.001081081081081
OPERANDS,log4j-2.13.3,LOG-17,0,0,0,0,0,36,1,1328,VDS,0.027777777777778
OPERANDS,log4j-2.13.3,LOG-18,0,0,0,1,1,12,1,478,VDS,0.083333333333333
OPERANDS,log4j-2.13.3,LOG-2,0,0,0,1,1,15,1,4437,VDS,0.066666666666667
OPERANDS,log4j-2.13.3,LOG-3,0,0,0,0,0,69,1,731,VDS,0.014492753623188
OPERANDS,log4j-2.13.3,LOG-10,0,1,1,1,1,3,1,1092,VDS,0.333333333333333
OPERANDS,log4j-2.13.3,LOG-11,0,0,0,0,0,61,1,2161,VDS,0.016393442622951
OPERANDS,log4j-2.13.3,LOG-7,0,1,1,1,1,3,1,1871,VDS,0.333333333333333
OPERANDS,joda_time-2.10.3,JTI-1,0,0,0,0,0,,0,1420,CDS,0
OPERANDS,joda_time-2.10.3,JTI-2,0,1,1,1,1,5,1,325,CDS,0.2
OPERANDS,joda_time-2.10.3,JTI-3,0,0,0,0,0,45,1,346,CDS,0.022222222222222
OPERANDS,joda_time-2.10.3,JTI-4,0,0,0,0,0,1965,1,2282,CDS,0.000508905852417
OPERANDS,joda_time-2.10.3,JTI-5,0,0,0,0,0,1358,1,1973,CDS,0.000736377025037
OPERANDS,joda_time-2.10.3,JTI-6,0,0,0,0,0,1359,1,1973,CDS,0.000735835172921
OPERANDS,joda_time-2.10.3,JTI-7,0,0,0,0,0,1965,1,2282,CDS,0.000508905852417
OPERANDS,joda_time-2.10.3,JTI-8,0,0,0,0,0,,0,1956,CDS,0
OPERANDS,joda_time-2.10.3,JTI-9,0,0,0,0,0,,0,537,CDS,0
OPERANDS,joda_time-2.10.3,JTI-10,1,1,1,1,1,1,1,427,CDS,1
OPERANDS,joda_time-2.10.3,JTI-11,0,0,0,0,0,,0,267,CDS,0
OPERANDS,joda_time-2.10.3,JTI-12,0,0,0,0,0,,0,734,CDS,0
OPERANDS,skywalking-8.0.1,SKY-2,0,0,0,0,0,363,1,4117,VDS,0.002754820936639
OPERANDS,skywalking-8.0.1,SKY-14,0,1,1,1,1,3,1,1221,VDS,0.333333333333333
OPERANDS,skywalking-8.0.1,SKY-17,0,1,1,1,1,3,1,3143,VDS,0.333333333333333
OPERANDS,skywalking-8.0.1,SKY-22,0,1,1,1,1,2,1,1238,VDS,0.5
OPERANDS,skywalking-8.0.1,SKY-25,0,1,1,1,1,2,1,3124,VDS,0.5
OPERANDS,skywalking-8.0.1,SKY-26,0,0,0,0,0,31,1,790,VDS,0.032258064516129
OPERANDS,skywalking-8.0.1,SKY-3,0,0,0,0,0,3854,1,3885,VDS,0.000259470679813
OPERANDS,skywalking-8.0.1,SKY-20,0,0,1,1,1,7,1,2238,VDS,0.142857142857143
OPERANDS,skywalking-8.0.1,SKY-1,1,1,1,1,1,1,1,1284,VDS,1
OPERANDS,skywalking-8.0.1,SKY-4,1,1,1,1,1,1,1,181,VDS,1
OPERANDS,skywalking-8.0.1,SKY-5,1,1,1,1,1,1,1,654,VDS,1
OPERANDS,skywalking-8.0.1,SKY-7,1,1,1,1,1,1,1,400,VDS,1
OPERANDS,skywalking-8.0.1,SKY-8,1,1,1,1,1,1,1,3635,VDS,1
OPERANDS,skywalking-8.0.1,SKY-9,1,1,1,1,1,1,1,634,VDS,1
OPERANDS,skywalking-8.0.1,SKY-10,0,1,1,1,1,2,1,3165,VDS,0.5
OPERANDS,skywalking-8.0.1,SKY-11,1,1,1,1,1,1,1,777,VDS,1
OPERANDS,skywalking-8.0.1,SKY-12,0,1,1,1,1,2,1,456,VDS,0.5
OPERANDS,skywalking-8.0.1,SKY-13,1,1,1,1,1,1,1,1069,VDS,1
OPERANDS,skywalking-8.0.1,SKY-15,1,1,1,1,1,1,1,860,VDS,1
OPERANDS,skywalking-8.0.1,SKY-16,1,1,1,1,1,1,1,1031,VDS,1
OPERANDS,skywalking-8.0.1,SKY-18,0,1,1,1,1,2,1,1584,VDS,0.5
OPERANDS,skywalking-8.0.1,SKY-19,0,1,1,1,1,2,1,1511,VDS,0.5
OPERANDS,skywalking-8.0.1,SKY-21,1,1,1,1,1,1,1,1461,VDS,1
OPERANDS,skywalking-8.0.1,SKY-24,1,1,1,1,1,1,1,1104,VDS,1
OPERANDS,skywalking-8.0.1,SKY-27,1,1,1,1,1,1,1,905,VDS,1
OPERANDS,skywalking-8.0.1,SKY-23,1,1,1,1,1,1,1,1216,VDS,1
OPERANDS,skywalking-8.0.1,SKY-6,0,0,0,0,1,20,1,154,VDS,0.05
OPERANDS,mybatis-3.5.5,MYB-2,0,0,0,0,0,87,1,348,VDS,0.011494252873563
OPERANDS,mybatis-3.5.5,MYB-4,0,0,0,0,0,273,1,329,VDS,0.003663003663004
OPERANDS,mybatis-3.5.5,MYB-6,0,0,0,1,1,12,1,706,VDS,0.083333333333333
OPERANDS,mybatis-3.5.5,MYB-11,0,0,0,0,0,43,1,394,VDS,0.023255813953488
OPERANDS,mybatis-3.5.5,MYB-9,0,0,0,0,0,43,1,394,VDS,0.023255813953488
OPERANDS,mybatis-3.5.5,MYB-7,0,0,0,0,0,39,1,732,VDS,0.025641025641026
OPERANDS,mybatis-3.5.5,MYB-3,0,0,0,0,0,107,1,239,VDS,0.009345794392523
OPERANDS,mybatis-3.5.5,MYB-12,0,0,0,0,0,,0,269,VDS,0
OPERANDS,mybatis-3.5.5,MYB-13,0,0,0,0,0,35,1,649,VDS,0.028571428571429
OPERANDS,mybatis-3.5.5,MYB-14,0,0,0,0,0,78,1,286,VDS,0.012820512820513
OPERANDS,mybatis-3.5.5,MYB-1,0,1,1,1,1,4,1,726,VDS,0.25
OPERANDS,mybatis-3.5.5,MYB-15,0,0,1,1,1,10,1,19,VDS,0.1
OPERANDS,mybatis-3.5.5,MYB-5,0,1,1,1,1,4,1,706,VDS,0.25
OPERANDS,mybatis-3.5.5,MYB-8,0,1,1,1,1,3,1,352,VDS,0.333333333333333
OPERANDS,mybatis-3.5.5,MYB-10,0,1,1,1,1,2,1,707,VDS,0.5
OPERANDS,swarm-2.8.11,SWA-1,1,1,1,1,1,1,1,780,CDS,1
OPERANDS,swarm-2.8.11,SWA-2,0,0,0,0,0,21,1,496,CDS,0.047619047619048
OPERANDS,swarm-2.8.11,SWA-3,0,0,0,0,0,350,1,752,CDS,0.002857142857143
OPERANDS,swarm-2.8.11,SWA-4,0,0,0,0,0,,0,347,CDS,0
OPERANDS,swarm-2.8.11,SWA-5,0,0,0,0,0,42,1,108,CDS,0.023809523809524
OPERANDS,swarm-2.8.11,SWA-6,0,0,0,0,0,251,1,321,CDS,0.00398406374502
OPERANDS,swarm-2.8.11,SWA-7,0,0,0,0,0,21,1,688,CDS,0.047619047619048
OPERANDS,swarm-2.8.11,SWA-8,0,0,0,0,0,24,1,317,CDS,0.041666666666667
OPERANDS,swarm-2.8.11,SWA-9,0,0,0,0,0,260,1,645,CDS,0.003846153846154
OPERANDS,swarm-2.8.11,SWA-10,0,0,0,0,0,436,1,611,CDS,0.002293577981651
OPERANDS,swarm-2.8.11,SWA-11,0,0,0,0,0,21,1,688,CDS,0.047619047619048
OPERANDS,swarm-2.8.11,SWA-12,0,0,0,0,0,26,1,317,CDS,0.038461538461539
OPERANDS,swarm-2.8.11,SWA-13,0,0,0,0,0,35,1,288,CDS,0.028571428571429
OPERANDS,swarm-2.8.11,SWA-14,0,0,0,0,0,26,1,346,CDS,0.038461538461539
OPERANDS,swarm-2.8.11,SWA-15,0,0,0,0,0,,0,123,CDS,0
OPERANDS,swarm-2.8.11,SWA-16,0,1,1,1,1,3,1,318,CDS,0.333333333333333
OPERANDS,swarm-2.8.11,SWA-17,0,0,0,0,1,20,1,316,CDS,0.05
OPERANDS,swarm-2.8.11,SWA-18,1,1,1,1,1,1,1,17,CDS,1
OPERANDS,swarm-2.8.11,SWA-19,0,0,1,1,1,7,1,237,CDS,0.142857142857143
OPERANDS,swarm-2.8.11,SWA-20,0,0,0,1,1,14,1,316,CDS,0.071428571428572
OPERANDS,swarm-2.8.11,SWA-21,0,0,0,0,0,37,1,1092,CDS,0.027027027027027
OPERANDS,swarm-2.8.11,SWA-22,0,0,0,0,0,117,1,259,CDS,0.008547008547009
OPERANDS,swarm-2.8.11,SWA-23,0,0,0,0,0,,0,1089,CDS,0
OPERANDS,swarm-2.8.11,SWA-24,0,1,1,1,1,3,1,927,CDS,0.333333333333333
OPERANDS,swarm-2.8.11,SWA-25,0,1,1,1,1,3,1,242,CDS,0.333333333333333
OPERANDS,jedit-5.6pre0,JED-1,0,0,0,0,0,255,1,376,CDS,0.003921568627451
OPERANDS,jedit-5.6pre0,JED-2,0,0,0,0,0,,0,174,CDS,0
OPERANDS,jedit-5.6pre0,JED-3,0,0,0,0,0,51,1,538,CDS,0.019607843137255
OPERANDS,jedit-5.6pre0,JED-4,0,0,0,0,0,1346,1,1595,CDS,0.00074294205052
OPERANDS,jedit-5.6pre0,JED-5,0,0,0,0,0,97,1,1370,CDS,0.010309278350516
OPERANDS,jedit-5.6pre0,JED-6,0,0,0,0,0,,0,1634,CDS,0
OPERANDS,jedit-5.6pre0,JED-7,0,0,0,0,0,56,1,2156,CDS,0.017857142857143
OPERANDS,jedit-5.6pre0,JED-8,0,0,1,1,1,9,1,468,CDS,0.111111111111111
OPERANDS,jedit-5.6pre0,JED-9,0,0,1,1,1,7,1,615,CDS,0.142857142857143
OPERANDS,jedit-5.6pre0,JED-10,0,0,0,0,0,,0,1365,CDS,0
OPERANDS,jedit-5.6pre0,JED-11,0,0,0,0,0,247,1,1049,CDS,0.004048582995951
OPERANDS,jedit-5.6pre0,JED-12,0,0,0,0,0,169,1,2029,CDS,0.005917159763314
OPERANDS,jedit-5.6pre0,JED-13,0,0,0,0,0,305,1,1217,CDS,0.00327868852459
OPERANDS,jedit-5.6pre0,JED-14,0,0,0,0,0,446,1,1595,CDS,0.002242152466368
OPERANDS,jedit-5.6pre0,JED-15,0,0,1,1,1,9,1,983,CDS,0.111111111111111
OPERANDS,jedit-5.6pre0,JED-16,1,1,1,1,1,1,1,1482,CDS,1
OPERANDS,jedit-5.6pre0,JED-17,0,0,0,0,0,71,1,1365,CDS,0.014084507042254
OPERANDS,jedit-5.6pre0,JED-18,0,0,0,1,1,13,1,2178,CDS,0.076923076923077
OPERANDS,jedit-5.6pre0,JED-19,0,1,1,1,1,4,1,1748,CDS,0.25
OPERANDS,jedit-5.6pre0,JED-20,0,1,1,1,1,3,1,2545,CDS,0.333333333333333
OPERANDS,jedit-5.6pre0,JED-21,0,0,0,0,0,413,1,918,CDS,0.002421307506053
OPERANDS,jedit-5.6pre0,JED-22,0,0,1,1,1,7,1,1595,CDS,0.142857142857143
OPERANDS,jedit-5.6pre0,JED-23,0,0,0,0,0,,0,2360,CDS,0
OPERANDS,jedit-5.6pre0,JED-24,0,0,1,1,1,10,1,1443,CDS,0.1
OPERANDS,jedit-5.6pre0,JED-25,0,0,1,1,1,10,1,1443,CDS,0.1
OPERANDS,jedit-5.6pre0,JED-26,0,0,0,1,1,13,1,1890,CDS,0.076923076923077
OPERANDS,jedit-5.6pre0,JED-27,0,0,0,0,0,206,1,1626,CDS,0.004854368932039
OPERANDS,jedit-5.6pre0,JED-28,0,0,0,0,0,174,1,1453,CDS,0.005747126436782
OPERANDS,shardingsphere-5.0.0-rc1,SHS-2,1,1,1,1,1,1,1,21,VDS,1
OPERANDS,shardingsphere-5.0.0-rc1,SHS-3,1,1,1,1,1,1,1,217,VDS,1
OPERANDS,shardingsphere-5.0.0-rc1,SHS-4,1,1,1,1,1,1,1,225,VDS,1
OPERANDS,shardingsphere-5.0.0-rc1,SHS-5,1,1,1,1,1,1,1,203,VDS,1
OPERANDS,shardingsphere-5.0.0-rc1,SHS-6,1,1,1,1,1,1,1,504,VDS,1
OPERANDS,shardingsphere-5.0.0-rc1,SHS-10,0,1,1,1,1,3,1,467,VDS,0.333333333333333
OPERANDS,shardingsphere-5.0.0-rc1,SHS-11,1,1,1,1,1,1,1,1380,VDS,1
OPERANDS,shardingsphere-5.0.0-rc1,SHS-12,1,1,1,1,1,1,1,1380,VDS,1
OPERANDS,shardingsphere-5.0.0-rc1,SHS-9,1,1,1,1,1,1,1,72,VDS,1
OPERANDS,shardingsphere-5.0.0-rc1,SHS-7,0,0,1,1,1,7,1,183,VDS,0.142857142857143
OPERANDS,shardingsphere-5.0.0-rc1,SHS-1,1,1,1,1,1,1,1,390,VDS,1
OPERANDS,shardingsphere-5.0.0-rc1,SHS-8,1,1,1,1,1,1,1,1384,VDS,1
OPERANDS,shardingsphere-5.0.0-rc1,SHS-13,0,0,0,1,1,13,1,48,VDS,0.076923076923077
OPERANDS,shardingsphere-5.0.0-rc1,SHS-14,1,1,1,1,1,1,1,115,VDS,1
OPERANDS,argouml-0.35.4,UML-1,0,0,0,0,0,178,1,5704,CDS,0.00561797752809
OPERANDS,argouml-0.35.4,UML-2,0,0,0,0,0,46,1,1223,CDS,0.021739130434783
OPERANDS,argouml-0.35.4,UML-3,0,0,0,0,0,,0,5369,CDS,0
OPERANDS,argouml-0.35.4,UML-4,0,0,0,0,0,2146,1,3425,CDS,0.000465983224604
OPERANDS,argouml-0.35.4,UML-5,0,0,0,1,1,14,1,3690,CDS,0.071428571428572
OPERANDS,argouml-0.35.4,UML-6,0,0,0,1,1,12,1,3590,CDS,0.083333333333333
OPERANDS,argouml-0.35.4,UML-7,0,1,1,1,1,5,1,3700,CDS,0.2
OPERANDS,argouml-0.35.4,UML-8,0,0,1,1,1,6,1,1647,CDS,0.166666666666667
OPERANDS,argouml-0.35.4,UML-9,0,0,0,0,0,671,1,758,CDS,0.001490312965723
OPERANDS,argouml-0.35.4,UML-10,0,0,0,0,0,45,1,1043,CDS,0.022222222222222
OPERANDS,argouml-0.35.4,UML-11,0,0,0,0,0,72,1,1689,CDS,0.013888888888889
OPERANDS,argouml-0.35.4,UML-12,0,0,0,0,0,30,1,922,CDS,0.033333333333333
OPERANDS,argouml-0.35.4,UML-13,0,0,0,0,0,43,1,1599,CDS,0.023255813953488
OPERANDS,argouml-0.35.4,UML-14,0,0,0,0,0,36,1,1563,CDS,0.027777777777778
OPERANDS,argouml-0.35.4,UML-15,0,0,0,0,0,45,1,2238,CDS,0.022222222222222
OPERANDS,argouml-0.35.4,UML-16,0,0,0,0,0,138,1,7068,CDS,0.007246376811594
OPERANDS,argouml-0.35.4,UML-17,0,0,0,1,1,12,1,2375,CDS,0.083333333333333
OPERANDS,argouml-0.35.4,UML-18,0,0,1,1,1,7,1,24,CDS,0.142857142857143
OPERANDS,argouml-0.35.4,UML-19,0,1,1,1,1,4,1,1155,CDS,0.25
OPERANDS,argouml-0.35.4,UML-20,0,0,0,0,0,33,1,1441,CDS,0.03030303030303
OPERANDS,argouml-0.35.4,UML-21,0,0,0,0,1,18,1,2956,CDS,0.055555555555556
OPERANDS,argouml-0.35.4,UML-22,0,1,1,1,1,4,1,1155,CDS,0.25
OPERANDS,rhino-1.6R5,RHI-1,1,1,1,1,1,1,1,344,CDS,1
OPERANDS,rhino-1.6R5,RHI-2,0,0,0,0,0,113,1,253,CDS,0.008849557522124
OPERANDS,rhino-1.6R5,RHI-3,0,1,1,1,1,3,1,1348,CDS,0.333333333333333
OPERANDS,rhino-1.6R5,RHI-4,0,0,0,0,0,97,1,191,CDS,0.010309278350516
OPERANDS,rhino-1.6R5,RHI-5,0,0,0,0,0,207,1,665,CDS,0.004830917874396
OPERANDS,rhino-1.6R5,RHI-6,0,0,0,0,1,18,1,988,CDS,0.055555555555556
OPERANDS,rhino-1.6R5,RHI-7,0,0,0,0,0,40,1,459,CDS,0.025
OPERANDS,rhino-1.6R5,RHI-8,0,0,0,0,0,171,1,452,CDS,0.005847953216374
OPERANDS,rhino-1.6R5,RHI-9,0,0,0,0,0,171,1,452,CDS,0.005847953216374
OPERANDS,rhino-1.6R5,RHI-10,0,0,0,0,0,25,1,434,CDS,0.04
OPERANDS,rhino-1.6R5,RHI-11,0,0,0,0,0,,0,256,CDS,0
OPERANDS,rhino-1.6R5,RHI-12,0,1,1,1,1,3,1,1128,CDS,0.333333333333333
OPERANDS,rhino-1.6R5,RHI-13,0,0,1,1,1,10,1,1128,CDS,0.1
OPERANDS,rhino-1.6R5,RHI-14,0,0,0,0,1,18,1,492,CDS,0.055555555555556
OPERANDS,rhino-1.6R5,RHI-15,0,1,1,1,1,2,1,422,CDS,0.5
OPERANDS,rhino-1.6R5,RHI-16,1,1,1,1,1,1,1,604,CDS,1
OPERANDS,rhino-1.6R5,RHI-17,0,0,1,1,1,10,1,598,CDS,0.1
OPERANDS,rhino-1.6R5,RHI-18,0,0,0,1,1,15,1,691,CDS,0.066666666666667
OPERANDS,rhino-1.6R5,RHI-19,0,0,0,0,0,31,1,573,CDS,0.032258064516129
OPERANDS,rhino-1.6R5,RHI-20,0,1,1,1,1,5,1,1412,CDS,0.2
OPERANDS,rhino-1.6R5,RHI-21,0,0,0,0,0,175,1,1130,CDS,0.005714285714286
OPERANDS,jabref-5.0,JAB-6,0,0,0,0,0,29,1,1422,VDS,0.03448275862069
OPERANDS,jabref-5.0,JAB-13,0,0,0,0,0,,0,379,VDS,0
OPERANDS,jabref-5.0,JAB-14,0,0,0,0,0,121,1,3127,VDS,0.008264462809917
OPERANDS,jabref-5.0,JAB-15,0,0,0,0,0,,0,1710,VDS,0
OPERANDS,jabref-5.0,JAB-16,0,1,1,1,1,3,1,456,VDS,0.333333333333333
OPERANDS,jabref-5.0,JAB-9,0,0,1,1,1,10,1,1356,VDS,0.1
OPERANDS,jabref-5.0,JAB-10,0,0,0,0,0,259,1,372,VDS,0.003861003861004
OPERANDS,jabref-5.0,JAB-11,0,0,0,0,0,54,1,742,VDS,0.018518518518519
OPERANDS,jabref-5.0,JAB-1,0,0,0,0,0,32,1,1201,VDS,0.03125
OPERANDS,jabref-5.0,JAB-2,0,0,0,0,0,25,1,2522,VDS,0.04
OPERANDS,jabref-5.0,JAB-4,0,0,0,0,0,78,1,80,VDS,0.012820512820513
OPERANDS,jabref-5.0,JAB-5,0,0,0,1,1,15,1,489,VDS,0.066666666666667
OPERANDS,jabref-5.0,JAB-8,0,0,0,0,0,94,1,2181,VDS,0.010638297872341
OPERANDS,jabref-5.0,JAB-18,0,0,1,1,1,7,1,140,VDS,0.142857142857143
OPERANDS,jabref-5.0,JAB-20,0,0,0,1,1,11,1,597,VDS,0.090909090909091
OPERANDS,jabref-5.0,JAB-21,0,0,0,1,1,13,1,419,VDS,0.076923076923077
OPERANDS,jabref-5.0,JAB-12,0,0,0,0,0,59,1,581,VDS,0.016949152542373
OPERANDS,jabref-5.0,JAB-3,0,0,1,1,1,6,1,1192,VDS,0.166666666666667
OPERANDS,jabref-5.0,JAB-7,0,0,0,0,0,183,1,319,VDS,0.005464480874317
OPERANDS,jabref-5.0,JAB-17,0,1,1,1,1,3,1,580,VDS,0.333333333333333
OPERANDS,jabref-5.0,JAB-22,1,1,1,1,1,1,1,249,VDS,1
OPERANDS,jabref-5.0,JAB-19,0,0,0,1,1,12,1,1279,VDS,0.083333333333333
OPERANDS,jabref-5.0,JAB-23,0,0,1,1,1,7,1,847,VDS,0.142857142857143
OPERANDS,checkstyle-8.35,CHK-17,0,0,0,0,0,984,1,1566,VDS,0.001016260162602
OPERANDS,checkstyle-8.35,CHK-1,0,0,0,0,0,232,1,1215,VDS,0.004310344827586
OPERANDS,checkstyle-8.35,CHK-8,0,0,1,1,1,7,1,836,VDS,0.142857142857143
OPERANDS,checkstyle-8.35,CHK-9,0,1,1,1,1,2,1,1143,VDS,0.5
OPERANDS,checkstyle-8.35,CHK-10,0,0,1,1,1,7,1,1216,VDS,0.142857142857143
OPERANDS,checkstyle-8.35,CHK-11,0,0,0,0,0,191,1,797,VDS,0.005235602094241
OPERANDS,checkstyle-8.35,CHK-15,0,0,0,0,0,300,1,935,VDS,0.003333333333333
OPERANDS,checkstyle-8.35,CHK-16,0,0,0,0,0,419,1,1158,VDS,0.002386634844869
OPERANDS,checkstyle-8.35,CHK-2,0,0,1,1,1,9,1,1078,VDS,0.111111111111111
OPERANDS,checkstyle-8.35,CHK-4,0,0,0,1,1,15,1,1234,VDS,0.066666666666667
OPERANDS,checkstyle-8.35,CHK-5,0,0,0,0,0,23,1,499,VDS,0.043478260869565
OPERANDS,checkstyle-8.35,CHK-6,0,0,0,0,0,124,1,673,VDS,0.008064516129032
OPERANDS,checkstyle-8.35,CHK-7,0,0,0,0,0,636,1,694,VDS,0.001572327044025
OPERANDS,checkstyle-8.35,CHK-12,0,1,1,1,1,3,1,592,VDS,0.333333333333333
OPERANDS,checkstyle-8.35,CHK-13,0,1,1,1,1,5,1,929,VDS,0.2
OPERANDS,checkstyle-8.35,CHK-14,0,0,1,1,1,10,1,811,VDS,0.1
OPERANDS,checkstyle-8.35,CHK-3,0,0,0,0,0,,0,954,VDS,0
OPERANDS,checkstyle-8.35,CHK-18,0,1,1,1,1,2,1,1149,VDS,0.5
OPERANDS,checkstyle-8.35,CHK-19,0,1,1,1,1,5,1,1393,VDS,0.2
OPERANDS,apache-ant-1.10.6,ANT-1,0,0,0,0,0,,0,5627,CDS,0
OPERANDS,apache-ant-1.10.6,ANT-2,0,1,1,1,1,5,1,545,CDS,0.2
OPERANDS,apache-ant-1.10.6,ANT-3,0,1,1,1,1,4,1,2199,CDS,0.25
OPERANDS,apache-ant-1.10.6,ANT-4,0,0,0,0,0,390,1,1507,CDS,0.002564102564103
OPERANDS,apache-ant-1.10.6,ANT-5,0,0,0,0,0,24,1,902,CDS,0.041666666666667
OPERANDS,apache-ant-1.10.6,ANT-6,0,0,0,0,0,430,1,520,CDS,0.002325581395349
OPERANDS,apache-ant-1.10.6,ANT-7,0,0,0,0,0,49,1,1450,CDS,0.020408163265306
OPERANDS,apache-ant-1.10.6,ANT-8,0,0,0,0,0,53,1,706,CDS,0.018867924528302
OPERANDS,apache-ant-1.10.6,ANT-9,0,0,0,0,0,471,1,2389,CDS,0.002123142250531
OPERANDS,apache-ant-1.10.6,ANT-10,0,0,0,0,0,896,1,1039,CDS,0.001116071428571
OPERANDS,apache-ant-1.10.6,ANT-11,1,1,1,1,1,1,1,3324,CDS,1
OPERANDS,apache-ant-1.10.6,ANT-12,0,0,0,0,0,25,1,817,CDS,0.04
OPERANDS,apache-ant-1.10.6,ANT-13,0,0,0,0,0,106,1,5561,CDS,0.009433962264151
OPERANDS,apache-ant-1.10.6,ANT-14,0,0,0,0,0,46,1,1246,CDS,0.021739130434783
OPERANDS,apache-ant-1.10.6,ANT-15,0,0,0,0,0,51,1,337,CDS,0.019607843137255
OPERANDS,apache-ant-1.10.6,ANT-16,0,0,0,0,1,19,1,67,CDS,0.052631578947369
OPERANDS,apache-ant-1.10.6,ANT-17,0,0,0,0,0,23,1,204,CDS,0.043478260869565
OPERANDS,apache-ant-1.10.6,ANT-18,0,0,0,0,0,116,1,172,CDS,0.008620689655172
OPERANDS,apache-ant-1.10.6,ANT-19,0,1,1,1,1,4,1,180,CDS,0.25
OPERANDS,apache-ant-1.10.6,ANT-20,0,0,0,0,0,726,1,1535,CDS,0.00137741046832
OPERANDS,apache-ant-1.10.6,ANT-21,0,0,0,0,1,19,1,1396,CDS,0.052631578947369
OPERANDS,apache-ant-1.10.6,ANT-22,0,0,0,0,0,171,1,275,CDS,0.005847953216374
OPERANDS,apache-ant-1.10.6,ANT-23,0,0,0,0,0,,0,1274,CDS,0
OPERANDS,apache-ant-1.10.6,ANT-24,0,0,0,0,0,851,1,2336,CDS,0.00117508813161
OPERANDS,apache-ant-1.10.6,ANT-25,0,1,1,1,1,4,1,2336,CDS,0.25
OPERANDS,apache-ant-1.10.6,ANT-26,0,0,0,0,0,21,1,1295,CDS,0.047619047619048
OPERANDS,apache-ant-1.10.6,ANT-27,0,1,1,1,1,5,1,1295,CDS,0.2
OPERANDS,apache-httpcomponents-4.5.9,HCO-1,0,0,0,0,0,482,1,3954,CDS,0.002074688796681
OPERANDS,apache-httpcomponents-4.5.9,HCO-2,0,0,0,0,0,21,1,1725,CDS,0.047619047619048
OPERANDS,apache-httpcomponents-4.5.9,HCO-3,0,0,0,1,1,14,1,530,CDS,0.071428571428572
OPERANDS,apache-httpcomponents-4.5.9,HCO-4,0,1,1,1,1,2,1,235,CDS,0.5
OPERANDS,apache-httpcomponents-4.5.9,HCO-5,0,0,0,0,0,21,1,2105,CDS,0.047619047619048
OPERANDS,apache-httpcomponents-4.5.9,HCO-6,0,1,1,1,1,3,1,235,CDS,0.333333333333333
OPERANDS,apache-httpcomponents-4.5.9,HCO-7,0,0,0,0,0,,0,866,CDS,0
OPERANDS,apache-httpcomponents-4.5.9,HCO-8,0,0,0,0,0,60,1,1613,CDS,0.016666666666667
OPERANDS,apache-httpcomponents-4.5.9,HCO-9,0,0,0,0,0,,0,4294,CDS,0
OPERANDS,apache-httpcomponents-4.5.9,HCO-10,0,0,0,0,0,,0,203,CDS,0
OPERANDS,apache-httpcomponents-4.5.9,HCO-11,0,1,1,1,1,4,1,1704,CDS,0.25
OPERANDS,apache-httpcomponents-4.5.9,HCO-12,0,0,0,0,0,21,1,3581,CDS,0.047619047619048
OPERANDS,apache-httpcomponents-4.5.9,HCO-13,0,0,0,0,0,273,1,583,CDS,0.003663003663004
OPERANDS,apache-httpcomponents-4.5.9,HCO-14,0,0,0,1,1,11,1,1644,CDS,0.090909090909091
OPERANDS,apache-httpcomponents-4.5.9,HCO-15,0,0,0,0,0,530,1,1008,CDS,0.00188679245283
OPERANDS,apache-httpcomponents-4.5.9,HCO-16,0,0,0,0,0,126,1,480,CDS,0.007936507936508
OPERANDS,apache-httpcomponents-4.5.9,HCO-17,0,0,0,0,0,28,1,1683,CDS,0.035714285714286
OPERANDS,apache-httpcomponents-4.5.9,HCO-18,0,0,0,0,0,31,1,2393,CDS,0.032258064516129
OPERANDS,apache-httpcomponents-4.5.9,HCO-19,0,0,0,0,0,113,1,1613,CDS,0.008849557522124
OPERANDS,apache-httpcomponents-4.5.9,HCO-20,0,0,0,0,0,533,1,1009,CDS,0.00187617260788
