Technique,Project,Constraint ID,HIT@01?,HIT@05?,HIT@10?,HIT@15?,HIT@20?,GT ESC Rank,GT ESC Results,Method Rank,Recall,Number Method Results,Data Set,Reciprocal Rank
Lasso-13LSI,jabref-5.0,JAB-6,0,0,1,1,1,4,4,7,1,394,VDS,0.1428571429
Lasso-13LSI,jabref-5.0,JAB-13,0,0,0,0,0,N/A,N/A,,0,37,VDS,0
Lasso-13LSI,jabref-5.0,JAB-14,0,0,0,0,0,None,1,256,1,602,VDS,0.00390625
Lasso-13LSI,jabref-5.0,JAB-15,0,0,0,0,0,N/A,N/A,,0,0,VDS,0
Lasso-13LSI,jabref-5.0,JAB-16,1,1,1,1,1,1,2,1,1,185,VDS,1
Lasso-13LSI,jabref-5.0,JAB-9,0,1,1,1,1,1,2,3,1,404,VDS,0.3333333333
Lasso-13LSI,jabref-5.0,JAB-10,0,0,1,1,1,1,1,9,1,124,VDS,0.1111111111
Lasso-13LSI,jabref-5.0,JAB-11,0,0,0,0,1,2,2,18,1,301,VDS,0.05555555556
Lasso-13LSI,jabref-5.0,JAB-1,0,1,1,1,1,2,9,5,1,348,VDS,0.2
Lasso-13LSI,jabref-5.0,JAB-2,0,0,1,1,1,6,10,8,1,721,VDS,0.125
Lasso-13LSI,jabref-5.0,JAB-4,0,0,1,1,1,None,1,9,1,26,VDS,0.1111111111
Lasso-13LSI,jabref-5.0,JAB-5,1,1,1,1,1,2,3,1,1,84,VDS,1
Lasso-13LSI,jabref-5.0,JAB-8,0,1,1,1,1,1,4,3,1,759,VDS,0.3333333333
Lasso-13LSI,jabref-5.0,JAB-18,0,0,0,0,0,N/A,N/A,,0,17,VDS,0
Lasso-13LSI,jabref-5.0,JAB-20,0,1,1,1,1,1,1,4,1,131,VDS,0.25
Lasso-13LSI,jabref-5.0,JAB-21,1,1,1,1,1,2,3,1,1,97,VDS,1
Lasso-13LSI,jabref-5.0,JAB-12,0,1,1,1,1,None,3,4,1,196,VDS,0.25
Lasso-13LSI,jabref-5.0,JAB-3,0,0,0,0,0,1,6,23,1,225,VDS,0.04347826087
Lasso-13LSI,jabref-5.0,JAB-7,0,0,0,0,0,None,1,38,1,194,VDS,0.02631578947
Lasso-13LSI,jabref-5.0,JAB-17,0,1,1,1,1,1,8,2,1,234,VDS,0.5
Lasso-13LSI,jabref-5.0,JAB-22,0,1,1,1,1,1,3,2,1,170,VDS,0.5
Lasso-13LSI,jabref-5.0,JAB-19,0,1,1,1,1,2,5,5,1,318,VDS,0.2
Lasso-13LSI,jabref-5.0,JAB-23,0,0,0,0,0,1,5,28,1,526,VDS,0.03571428571
Lasso-13LSI,guava-28.0,GUA-1,0,0,0,0,0,1,1,1274,1,1359,CDS,0.0007849293564
Lasso-13LSI,guava-28.0,GUA-2,0,0,0,0,0,1,1,32,1,1832,CDS,0.03125
Lasso-13LSI,guava-28.0,GUA-3,0,0,0,0,0,N/A,N/A,,0,1062,CDS,0
Lasso-13LSI,guava-28.0,GUA-4,0,1,1,1,1,1,1,4,1,808,CDS,0.25
Lasso-13LSI,guava-28.0,GUA-5,0,0,1,1,1,1,1,9,1,547,CDS,0.1111111111
Lasso-13LSI,guava-28.0,GUA-6,0,0,0,0,0,1,1,84,1,276,CDS,0.0119047619
Lasso-13LSI,guava-28.0,GUA-7,0,0,0,0,0,1,4,117,1,691,CDS,0.008547008547
Lasso-13LSI,guava-28.0,GUA-8,1,1,1,1,1,1,1,1,1,558,CDS,1
Lasso-13LSI,joda_time-2.10.3,JTI-1,0,0,0,0,0,N/A,N/A,,0,336,CDS,0
Lasso-13LSI,joda_time-2.10.3,JTI-2,1,1,1,1,1,1,2,1,1,125,CDS,1
Lasso-13LSI,joda_time-2.10.3,JTI-3,1,1,1,1,1,1,1,1,1,185,CDS,1
Lasso-13LSI,joda_time-2.10.3,JTI-4,0,0,0,0,0,N/A,N/A,,0,751,CDS,0
Lasso-13LSI,joda_time-2.10.3,JTI-5,0,0,0,0,0,1,5,221,1,521,CDS,0.004524886878
Lasso-13LSI,joda_time-2.10.3,JTI-6,0,0,0,0,0,1,5,219,1,521,CDS,0.004566210046
Lasso-13LSI,joda_time-2.10.3,JTI-7,0,0,0,0,0,N/A,N/A,,0,751,CDS,0
Lasso-13LSI,joda_time-2.10.3,JTI-8,0,0,0,0,0,N/A,N/A,,0,529,CDS,0
Lasso-13LSI,joda_time-2.10.3,JTI-9,0,0,0,0,0,N/A,N/A,,0,203,CDS,0
Lasso-13LSI,joda_time-2.10.3,JTI-10,1,1,1,1,1,1,1,1,1,124,CDS,1
Lasso-13LSI,joda_time-2.10.3,JTI-11,0,0,0,0,0,N/A,N/A,,0,112,CDS,0
Lasso-13LSI,joda_time-2.10.3,JTI-12,0,0,0,0,0,N/A,N/A,,0,351,CDS,0
Lasso-13LSI,log4j-2.13.3,LOG-1,1,1,1,1,1,1,6,1,1,398,VDS,1
Lasso-13LSI,log4j-2.13.3,LOG-5,0,0,0,0,0,1,3,35,1,129,VDS,0.02857142857
Lasso-13LSI,log4j-2.13.3,LOG-4,1,1,1,1,1,1,1,1,1,102,VDS,1
Lasso-13LSI,log4j-2.13.3,LOG-6,0,0,0,0,0,2,8,50,1,395,VDS,0.02
Lasso-13LSI,log4j-2.13.3,LOG-8,0,0,0,0,0,1,2,386,1,565,VDS,0.002590673575
Lasso-13LSI,log4j-2.13.3,LOG-9,0,0,0,0,0,1,1,41,1,252,VDS,0.0243902439
Lasso-13LSI,log4j-2.13.3,LOG-12,0,0,1,1,1,1,2,6,1,88,VDS,0.1666666667
Lasso-13LSI,log4j-2.13.3,LOG-13,0,0,0,0,0,3,5,81,1,493,VDS,0.01234567901
Lasso-13LSI,log4j-2.13.3,LOG-14,0,0,0,0,0,1,2,50,1,252,VDS,0.02
Lasso-13LSI,log4j-2.13.3,LOG-15,0,0,0,0,1,1,2,18,1,44,VDS,0.05555555556
Lasso-13LSI,log4j-2.13.3,LOG-16,0,0,0,0,0,1,1,59,1,341,VDS,0.01694915254
Lasso-13LSI,log4j-2.13.3,LOG-17,0,0,0,1,1,1,1,13,1,330,VDS,0.07692307692
Lasso-13LSI,log4j-2.13.3,LOG-18,0,1,1,1,1,2,2,5,1,19,VDS,0.2
Lasso-13LSI,log4j-2.13.3,LOG-2,0,0,1,1,1,1,1,6,1,1471,VDS,0.1666666667
Lasso-13LSI,log4j-2.13.3,LOG-3,0,0,0,0,1,1,1,20,1,33,VDS,0.05
Lasso-13LSI,log4j-2.13.3,LOG-10,0,1,1,1,1,8,10,2,1,427,VDS,0.5
Lasso-13LSI,log4j-2.13.3,LOG-11,1,1,1,1,1,1,10,1,1,1238,VDS,1
Lasso-13LSI,log4j-2.13.3,LOG-7,1,1,1,1,1,1,1,1,1,1108,VDS,1
Lasso-13LSI,mybatis-3.5.5,MYB-2,0,0,0,1,1,1,8,14,1,206,VDS,0.07142857143
Lasso-13LSI,mybatis-3.5.5,MYB-4,0,0,0,0,1,3,8,16,1,205,VDS,0.0625
Lasso-13LSI,mybatis-3.5.5,MYB-6,1,1,1,1,1,1,3,1,1,219,VDS,1
Lasso-13LSI,mybatis-3.5.5,MYB-11,0,0,1,1,1,1,2,10,1,116,VDS,0.1
Lasso-13LSI,mybatis-3.5.5,MYB-9,0,0,1,1,1,1,2,10,1,116,VDS,0.1
Lasso-13LSI,mybatis-3.5.5,MYB-7,0,0,1,1,1,1,21,7,1,298,VDS,0.1428571429
Lasso-13LSI,mybatis-3.5.5,MYB-3,0,0,1,1,1,1,1,10,1,106,VDS,0.1
Lasso-13LSI,mybatis-3.5.5,MYB-12,0,0,0,0,0,N/A,N/A,,0,61,VDS,0
Lasso-13LSI,mybatis-3.5.5,MYB-13,0,0,1,1,1,1,6,6,1,198,VDS,0.1666666667
Lasso-13LSI,mybatis-3.5.5,MYB-14,0,0,1,1,1,1,4,7,1,87,VDS,0.1428571429
Lasso-13LSI,mybatis-3.5.5,MYB-1,1,1,1,1,1,1,4,1,1,167,VDS,1
Lasso-13LSI,mybatis-3.5.5,MYB-15,0,1,1,1,1,1,1,2,1,10,VDS,0.5
Lasso-13LSI,mybatis-3.5.5,MYB-5,1,1,1,1,1,1,5,1,1,219,VDS,1
Lasso-13LSI,mybatis-3.5.5,MYB-8,1,1,1,1,1,1,1,1,1,249,VDS,1
Lasso-13LSI,mybatis-3.5.5,MYB-10,1,1,1,1,1,1,1,1,1,176,VDS,1
Lasso-13LSI,jpos-2.1.4,JPO-2,0,0,0,0,0,N/A,N/A,,0,57,VDS,0
Lasso-13LSI,jpos-2.1.4,JPO-3,0,1,1,1,1,1,3,4,1,29,VDS,0.25
Lasso-13LSI,jpos-2.1.4,JPO-4,0,0,0,1,1,1,1,14,1,99,VDS,0.07142857143
Lasso-13LSI,jpos-2.1.4,JPO-5,0,0,0,0,0,N/A,N/A,,0,92,VDS,0
Lasso-13LSI,jpos-2.1.4,JPO-8,1,1,1,1,1,None,7,1,1,1167,VDS,1
Lasso-13LSI,jpos-2.1.4,JPO-18,0,1,1,1,1,1,10,5,1,452,VDS,0.2
Lasso-13LSI,jpos-2.1.4,JPO-6,1,1,1,1,1,3,4,1,1,34,VDS,1
Lasso-13LSI,jpos-2.1.4,JPO-14,1,1,1,1,1,3,14,1,1,10,VDS,1
Lasso-13LSI,jpos-2.1.4,JPO-17,0,0,1,1,1,2,9,6,1,67,VDS,0.1666666667
Lasso-13LSI,jpos-2.1.4,JPO-1,0,0,0,0,0,1,1,65,1,621,VDS,0.01538461538
Lasso-13LSI,jpos-2.1.4,JPO-9,1,1,1,1,1,1,1,1,1,49,VDS,1
Lasso-13LSI,jpos-2.1.4,JPO-10,0,0,1,1,1,1,1,10,1,33,VDS,0.1
Lasso-13LSI,jpos-2.1.4,JPO-11,1,1,1,1,1,1,1,1,1,24,VDS,1
Lasso-13LSI,jpos-2.1.4,JPO-12,0,0,0,0,0,1,1,61,1,432,VDS,0.01639344262
Lasso-13LSI,jpos-2.1.4,JPO-19,1,1,1,1,1,1,1,1,1,471,VDS,1
Lasso-13LSI,jpos-2.1.4,JPO-20,0,0,1,1,1,1,2,6,1,872,VDS,0.1666666667
Lasso-13LSI,jpos-2.1.4,JPO-7,1,1,1,1,1,1,1,1,1,138,VDS,1
Lasso-13LSI,jpos-2.1.4,JPO-13,1,1,1,1,1,1,1,1,1,334,VDS,1
Lasso-13LSI,jpos-2.1.4,JPO-15,0,1,1,1,1,1,1,2,1,177,VDS,0.5
Lasso-13LSI,jpos-2.1.4,JPO-16,0,0,1,1,1,1,1,9,1,173,VDS,0.1111111111
Lasso-13LSI,jedit-5.6pre0,JED-1,0,0,0,0,0,N/A,N/A,,0,55,CDS,0
Lasso-13LSI,jedit-5.6pre0,JED-2,0,0,0,0,0,N/A,N/A,,0,0,CDS,0
Lasso-13LSI,jedit-5.6pre0,JED-3,0,1,1,1,1,1,1,2,1,332,CDS,0.5
Lasso-13LSI,jedit-5.6pre0,JED-4,0,0,0,0,0,N/A,N/A,,0,719,CDS,0
Lasso-13LSI,jedit-5.6pre0,JED-5,0,0,0,0,0,1,2,133,1,666,CDS,0.007518796992
Lasso-13LSI,jedit-5.6pre0,JED-6,0,0,0,0,0,N/A,N/A,,0,848,CDS,0
Lasso-13LSI,jedit-5.6pre0,JED-7,0,0,0,0,0,3,6,521,1,1480,CDS,0.001919385797
Lasso-13LSI,jedit-5.6pre0,JED-8,0,0,0,0,0,1,2,33,1,214,CDS,0.0303030303
Lasso-13LSI,jedit-5.6pre0,JED-9,1,1,1,1,1,1,11,1,1,425,CDS,1
Lasso-13LSI,jedit-5.6pre0,JED-10,0,0,0,0,0,N/A,N/A,,0,642,CDS,0
Lasso-13LSI,jedit-5.6pre0,JED-11,0,0,0,0,0,2,8,45,1,552,CDS,0.02222222222
Lasso-13LSI,jedit-5.6pre0,JED-12,0,0,0,0,0,3,14,28,1,1617,CDS,0.03571428571
Lasso-13LSI,jedit-5.6pre0,JED-13,0,0,0,0,0,2,10,31,1,596,CDS,0.03225806452
Lasso-13LSI,jedit-5.6pre0,JED-14,0,0,0,0,0,N/A,N/A,,0,719,CDS,0
Lasso-13LSI,jedit-5.6pre0,JED-15,0,1,1,1,1,1,13,3,1,479,CDS,0.3333333333
Lasso-13LSI,jedit-5.6pre0,JED-16,0,0,0,0,1,2,3,18,1,614,CDS,0.05555555556
Lasso-13LSI,jedit-5.6pre0,JED-17,0,0,0,0,0,1,3,260,1,642,CDS,0.003846153846
Lasso-13LSI,jedit-5.6pre0,JED-18,0,0,0,1,1,1,3,14,1,1843,CDS,0.07142857143
Lasso-13LSI,jedit-5.6pre0,JED-19,0,1,1,1,1,1,9,3,1,1250,CDS,0.3333333333
Lasso-13LSI,jedit-5.6pre0,JED-20,0,0,0,0,0,1,2,26,1,1214,CDS,0.03846153846
Lasso-13LSI,jedit-5.6pre0,JED-21,0,0,0,0,0,1,3,112,1,503,CDS,0.008928571429
Lasso-13LSI,jedit-5.6pre0,JED-22,1,1,1,1,1,1,7,1,1,719,CDS,1
Lasso-13LSI,jedit-5.6pre0,JED-23,0,0,0,0,0,N/A,N/A,,0,948,CDS,0
Lasso-13LSI,jedit-5.6pre0,JED-24,1,1,1,1,1,1,3,1,1,1142,CDS,1
Lasso-13LSI,jedit-5.6pre0,JED-25,1,1,1,1,1,1,3,1,1,1142,CDS,1
Lasso-13LSI,jedit-5.6pre0,JED-26,0,0,1,1,1,1,4,10,1,1755,CDS,0.1
Lasso-13LSI,jedit-5.6pre0,JED-27,0,0,0,0,0,1,7,61,1,768,CDS,0.01639344262
Lasso-13LSI,jedit-5.6pre0,JED-28,0,0,0,0,0,None,1,75,1,593,CDS,0.01333333333
Lasso-13LSI,argouml-0.35.4,UML-1,0,0,0,0,1,1,3,16,1,300,CDS,0.0625
Lasso-13LSI,argouml-0.35.4,UML-2,1,1,1,1,1,None,3,1,1,467,CDS,1
Lasso-13LSI,argouml-0.35.4,UML-3,0,0,0,0,0,N/A,N/A,,0,2259,CDS,0
Lasso-13LSI,argouml-0.35.4,UML-4,0,0,0,0,0,None,1,110,1,1230,CDS,0.009090909091
Lasso-13LSI,argouml-0.35.4,UML-5,0,1,1,1,1,1,8,2,1,885,CDS,0.5
Lasso-13LSI,argouml-0.35.4,UML-6,0,0,0,0,0,1,4,59,1,1105,CDS,0.01694915254
Lasso-13LSI,argouml-0.35.4,UML-7,0,0,0,0,0,None,6,84,1,1192,CDS,0.0119047619
Lasso-13LSI,argouml-0.35.4,UML-8,0,0,1,1,1,3,3,8,1,517,CDS,0.125
Lasso-13LSI,argouml-0.35.4,UML-9,0,0,0,0,0,None,1,57,1,287,CDS,0.01754385965
Lasso-13LSI,argouml-0.35.4,UML-10,0,0,0,1,1,1,8,12,1,473,CDS,0.08333333333
Lasso-13LSI,argouml-0.35.4,UML-11,0,1,1,1,1,1,4,5,1,440,CDS,0.2
Lasso-13LSI,argouml-0.35.4,UML-12,0,0,0,1,1,1,8,11,1,396,CDS,0.09090909091
Lasso-13LSI,argouml-0.35.4,UML-13,0,1,1,1,1,1,8,4,1,362,CDS,0.25
Lasso-13LSI,argouml-0.35.4,UML-14,0,0,0,1,1,1,8,11,1,652,CDS,0.09090909091
Lasso-13LSI,argouml-0.35.4,UML-15,0,1,1,1,1,1,10,2,1,620,CDS,0.5
Lasso-13LSI,argouml-0.35.4,UML-16,0,0,1,1,1,1,10,9,1,970,CDS,0.1111111111
Lasso-13LSI,argouml-0.35.4,UML-17,0,0,1,1,1,1,2,8,1,1325,CDS,0.125
Lasso-13LSI,argouml-0.35.4,UML-18,0,1,1,1,1,1,2,2,1,7,CDS,0.5
Lasso-13LSI,argouml-0.35.4,UML-19,0,0,1,1,1,1,1,8,1,403,CDS,0.125
Lasso-13LSI,argouml-0.35.4,UML-20,0,1,1,1,1,1,7,2,1,994,CDS,0.5
Lasso-13LSI,argouml-0.35.4,UML-21,0,1,1,1,1,1,1,4,1,1249,CDS,0.25
Lasso-13LSI,argouml-0.35.4,UML-22,0,0,1,1,1,1,1,8,1,403,CDS,0.125
Lasso-13LSI,checkstyle-8.35,CHK-17,0,0,0,0,0,1,2,299,1,698,VDS,0.003344481605
Lasso-13LSI,checkstyle-8.35,CHK-1,0,0,0,0,0,2,2,264,1,434,VDS,0.003787878788
Lasso-13LSI,checkstyle-8.35,CHK-8,0,1,1,1,1,1,4,3,1,178,VDS,0.3333333333
Lasso-13LSI,checkstyle-8.35,CHK-9,0,0,0,0,0,2,3,51,1,256,VDS,0.01960784314
Lasso-13LSI,checkstyle-8.35,CHK-10,0,1,1,1,1,1,3,4,1,463,VDS,0.25
Lasso-13LSI,checkstyle-8.35,CHK-11,0,0,0,1,1,1,2,14,1,92,VDS,0.07142857143
Lasso-13LSI,checkstyle-8.35,CHK-15,0,0,0,1,1,1,1,12,1,59,VDS,0.08333333333
Lasso-13LSI,checkstyle-8.35,CHK-16,0,0,0,0,0,1,5,35,1,450,VDS,0.02857142857
Lasso-13LSI,checkstyle-8.35,CHK-2,0,0,0,0,0,1,2,44,1,157,VDS,0.02272727273
Lasso-13LSI,checkstyle-8.35,CHK-4,0,0,0,0,0,1,1,63,1,190,VDS,0.01587301587
Lasso-13LSI,checkstyle-8.35,CHK-5,0,0,1,1,1,1,2,7,1,111,VDS,0.1428571429
Lasso-13LSI,checkstyle-8.35,CHK-6,1,1,1,1,1,1,2,1,1,197,VDS,1
Lasso-13LSI,checkstyle-8.35,CHK-7,0,0,0,0,0,N/A,N/A,,0,92,VDS,0
Lasso-13LSI,checkstyle-8.35,CHK-12,0,1,1,1,1,1,5,2,1,155,VDS,0.5
Lasso-13LSI,checkstyle-8.35,CHK-13,0,0,0,0,1,3,3,18,1,318,VDS,0.05555555556
Lasso-13LSI,checkstyle-8.35,CHK-14,0,0,0,0,0,1,4,192,1,300,VDS,0.005208333333
Lasso-13LSI,checkstyle-8.35,CHK-3,0,0,0,0,0,N/A,N/A,,0,499,VDS,0
Lasso-13LSI,checkstyle-8.35,CHK-18,0,1,1,1,1,1,1,4,1,590,VDS,0.25
Lasso-13LSI,checkstyle-8.35,CHK-19,0,1,1,1,1,1,1,2,1,556,VDS,0.5
Lasso-13LSI,apache-ant-1.10.6,ANT-1,0,0,0,0,0,N/A,N/A,,0,351,CDS,0
Lasso-13LSI,apache-ant-1.10.6,ANT-2,1,1,1,1,1,1,11,1,1,163,CDS,1
Lasso-13LSI,apache-ant-1.10.6,ANT-3,0,0,0,0,0,1,1,1145,1,1208,CDS,0.0008733624454
Lasso-13LSI,apache-ant-1.10.6,ANT-4,0,0,0,0,0,1,3,178,1,1746,CDS,0.005617977528
Lasso-13LSI,apache-ant-1.10.6,ANT-5,0,0,1,1,1,2,8,8,1,180,CDS,0.125
Lasso-13LSI,apache-ant-1.10.6,ANT-6,0,0,0,1,1,1,3,11,1,151,CDS,0.09090909091
Lasso-13LSI,apache-ant-1.10.6,ANT-7,0,0,0,0,0,1,1,30,1,81,CDS,0.03333333333
Lasso-13LSI,apache-ant-1.10.6,ANT-8,1,1,1,1,1,1,1,1,1,1524,CDS,1
Lasso-13LSI,apache-ant-1.10.6,ANT-9,0,0,0,1,1,3,45,13,1,1105,CDS,0.07692307692
Lasso-13LSI,apache-ant-1.10.6,ANT-10,0,0,0,1,1,1,32,11,1,395,CDS,0.09090909091
Lasso-13LSI,apache-ant-1.10.6,ANT-11,0,1,1,1,1,1,5,3,1,967,CDS,0.3333333333
Lasso-13LSI,apache-ant-1.10.6,ANT-12,0,0,0,0,0,4,4,69,1,192,CDS,0.01449275362
Lasso-13LSI,apache-ant-1.10.6,ANT-13,0,0,0,1,1,2,5,14,1,1217,CDS,0.07142857143
Lasso-13LSI,apache-ant-1.10.6,ANT-14,0,0,1,1,1,1,4,8,1,399,CDS,0.125
Lasso-13LSI,apache-ant-1.10.6,ANT-15,0,0,1,1,1,2,4,10,1,135,CDS,0.1
Lasso-13LSI,apache-ant-1.10.6,ANT-16,0,0,1,1,1,2,2,10,1,19,CDS,0.1
Lasso-13LSI,apache-ant-1.10.6,ANT-17,0,0,0,1,1,2,3,11,1,64,CDS,0.09090909091
Lasso-13LSI,apache-ant-1.10.6,ANT-18,0,0,0,0,0,3,8,22,1,57,CDS,0.04545454545
Lasso-13LSI,apache-ant-1.10.6,ANT-19,0,1,1,1,1,2,14,5,1,58,CDS,0.2
Lasso-13LSI,apache-ant-1.10.6,ANT-20,0,0,0,0,0,1,1,124,1,348,CDS,0.008064516129
Lasso-13LSI,apache-ant-1.10.6,ANT-21,0,0,1,1,1,1,13,9,1,64,CDS,0.1111111111
Lasso-13LSI,apache-ant-1.10.6,ANT-22,0,0,1,1,1,1,1,10,1,64,CDS,0.1
Lasso-13LSI,apache-ant-1.10.6,ANT-23,0,0,0,0,0,N/A,N/A,,0,3,CDS,0
Lasso-13LSI,apache-ant-1.10.6,ANT-24,0,0,0,0,0,1,1,34,1,1173,CDS,0.02941176471
Lasso-13LSI,apache-ant-1.10.6,ANT-25,0,0,0,0,1,1,3,20,1,1173,CDS,0.05
Lasso-13LSI,apache-ant-1.10.6,ANT-26,0,1,1,1,1,1,2,5,1,11,CDS,0.2
Lasso-13LSI,apache-ant-1.10.6,ANT-27,1,1,1,1,1,1,1,1,1,934,CDS,1
Lasso-13LSI,skywalking-8.0.1,SKY-2,0,0,1,1,1,1,3,9,1,1113,VDS,0.1111111111
Lasso-13LSI,skywalking-8.0.1,SKY-14,0,1,1,1,1,1,1,2,1,590,VDS,0.5
Lasso-13LSI,skywalking-8.0.1,SKY-17,0,1,1,1,1,1,1,3,1,1221,VDS,0.3333333333
Lasso-13LSI,skywalking-8.0.1,SKY-22,1,1,1,1,1,2,7,1,1,584,VDS,1
Lasso-13LSI,skywalking-8.0.1,SKY-25,1,1,1,1,1,1,4,1,1,1220,VDS,1
Lasso-13LSI,skywalking-8.0.1,SKY-26,0,0,1,1,1,1,3,6,1,240,VDS,0.1666666667
Lasso-13LSI,skywalking-8.0.1,SKY-3,0,0,0,0,0,None,1,198,1,1024,VDS,0.005050505051
Lasso-13LSI,skywalking-8.0.1,SKY-20,1,1,1,1,1,1,2,1,1,1122,VDS,1
Lasso-13LSI,skywalking-8.0.1,SKY-1,1,1,1,1,1,1,1,1,1,454,VDS,1
Lasso-13LSI,skywalking-8.0.1,SKY-4,0,1,1,1,1,1,1,2,1,91,VDS,0.5
Lasso-13LSI,skywalking-8.0.1,SKY-5,0,1,1,1,1,1,1,2,1,358,VDS,0.5
Lasso-13LSI,skywalking-8.0.1,SKY-7,1,1,1,1,1,1,1,1,1,136,VDS,1
Lasso-13LSI,skywalking-8.0.1,SKY-8,1,1,1,1,1,1,1,1,1,1414,VDS,1
Lasso-13LSI,skywalking-8.0.1,SKY-9,0,1,1,1,1,1,1,4,1,177,VDS,0.25
Lasso-13LSI,skywalking-8.0.1,SKY-10,0,1,1,1,1,1,1,2,1,1009,VDS,0.5
Lasso-13LSI,skywalking-8.0.1,SKY-11,0,1,1,1,1,1,1,2,1,370,VDS,0.5
Lasso-13LSI,skywalking-8.0.1,SKY-12,0,1,1,1,1,1,1,2,1,140,VDS,0.5
Lasso-13LSI,skywalking-8.0.1,SKY-13,1,1,1,1,1,1,1,1,1,684,VDS,1
Lasso-13LSI,skywalking-8.0.1,SKY-15,1,1,1,1,1,1,1,1,1,628,VDS,1
Lasso-13LSI,skywalking-8.0.1,SKY-16,1,1,1,1,1,1,1,1,1,728,VDS,1
Lasso-13LSI,skywalking-8.0.1,SKY-18,1,1,1,1,1,1,1,1,1,820,VDS,1
Lasso-13LSI,skywalking-8.0.1,SKY-19,0,1,1,1,1,1,1,2,1,781,VDS,0.5
Lasso-13LSI,skywalking-8.0.1,SKY-21,0,1,1,1,1,1,1,3,1,777,VDS,0.3333333333
Lasso-13LSI,skywalking-8.0.1,SKY-24,1,1,1,1,1,1,1,1,1,736,VDS,1
Lasso-13LSI,skywalking-8.0.1,SKY-27,1,1,1,1,1,1,1,1,1,284,VDS,1
Lasso-13LSI,skywalking-8.0.1,SKY-23,0,1,1,1,1,1,1,2,1,728,VDS,0.5
Lasso-13LSI,skywalking-8.0.1,SKY-6,0,0,0,0,1,1,1,17,1,67,VDS,0.05882352941
Lasso-13LSI,apache-httpcomponents-4.5.9,HCO-1,0,0,0,0,0,1,4,24,1,1124,CDS,0.04166666667
Lasso-13LSI,apache-httpcomponents-4.5.9,HCO-2,0,0,1,1,1,1,3,8,1,565,CDS,0.125
Lasso-13LSI,apache-httpcomponents-4.5.9,HCO-3,0,0,1,1,1,1,1,10,1,145,CDS,0.1
Lasso-13LSI,apache-httpcomponents-4.5.9,HCO-4,0,0,0,0,0,1,4,23,1,106,CDS,0.04347826087
Lasso-13LSI,apache-httpcomponents-4.5.9,HCO-5,0,0,0,0,0,N/A,N/A,,0,625,CDS,0
Lasso-13LSI,apache-httpcomponents-4.5.9,HCO-6,0,0,0,0,0,1,2,31,1,106,CDS,0.03225806452
Lasso-13LSI,apache-httpcomponents-4.5.9,HCO-7,0,0,0,0,0,N/A,N/A,,0,304,CDS,0
Lasso-13LSI,apache-httpcomponents-4.5.9,HCO-8,0,0,0,0,0,1,6,25,1,937,CDS,0.04
Lasso-13LSI,apache-httpcomponents-4.5.9,HCO-9,0,0,0,0,0,N/A,N/A,,0,1306,CDS,0
Lasso-13LSI,apache-httpcomponents-4.5.9,HCO-10,0,0,0,0,0,N/A,N/A,,0,66,CDS,0
Lasso-13LSI,apache-httpcomponents-4.5.9,HCO-11,0,1,1,1,1,1,1,3,1,382,CDS,0.3333333333
Lasso-13LSI,apache-httpcomponents-4.5.9,HCO-12,1,1,1,1,1,1,5,1,1,891,CDS,1
Lasso-13LSI,apache-httpcomponents-4.5.9,HCO-13,0,0,0,0,0,N/A,N/A,,0,107,CDS,0
Lasso-13LSI,apache-httpcomponents-4.5.9,HCO-14,0,0,0,0,0,1,5,29,1,465,CDS,0.03448275862
Lasso-13LSI,apache-httpcomponents-4.5.9,HCO-15,0,0,0,0,0,1,4,287,1,333,CDS,0.003484320557
Lasso-13LSI,apache-httpcomponents-4.5.9,HCO-16,0,0,0,0,1,1,1,18,1,141,CDS,0.05555555556
Lasso-13LSI,apache-httpcomponents-4.5.9,HCO-17,0,1,1,1,1,1,3,3,1,656,CDS,0.3333333333
Lasso-13LSI,apache-httpcomponents-4.5.9,HCO-18,0,1,1,1,1,1,4,3,1,838,CDS,0.3333333333
Lasso-13LSI,apache-httpcomponents-4.5.9,HCO-19,0,0,0,0,0,1,5,121,1,937,CDS,0.00826446281
Lasso-13LSI,apache-httpcomponents-4.5.9,HCO-20,0,0,0,1,1,1,4,15,1,334,CDS,0.06666666667
Lasso-13LSI,swarm-2.8.11,SWA-1,0,1,1,1,1,1,5,5,1,347,CDS,0.2
Lasso-13LSI,swarm-2.8.11,SWA-2,0,0,0,0,0,1,1,30,1,152,CDS,0.03333333333
Lasso-13LSI,swarm-2.8.11,SWA-3,0,0,0,0,0,6,9,28,1,281,CDS,0.03571428571
Lasso-13LSI,swarm-2.8.11,SWA-4,0,0,0,0,0,N/A,N/A,,0,97,CDS,0
Lasso-13LSI,swarm-2.8.11,SWA-5,0,1,1,1,1,1,1,2,1,50,CDS,0.5
Lasso-13LSI,swarm-2.8.11,SWA-6,0,0,0,0,0,1,1,60,1,163,CDS,0.01666666667
Lasso-13LSI,swarm-2.8.11,SWA-7,1,1,1,1,1,1,2,1,1,263,CDS,1
Lasso-13LSI,swarm-2.8.11,SWA-8,0,0,1,1,1,1,3,7,1,77,CDS,0.1428571429
Lasso-13LSI,swarm-2.8.11,SWA-9,0,1,1,1,1,1,1,4,1,278,CDS,0.25
Lasso-13LSI,swarm-2.8.11,SWA-10,0,0,0,0,0,1,1,29,1,261,CDS,0.03448275862
Lasso-13LSI,swarm-2.8.11,SWA-11,1,1,1,1,1,1,2,1,1,263,CDS,1
Lasso-13LSI,swarm-2.8.11,SWA-12,0,0,0,1,1,1,2,13,1,77,CDS,0.07692307692
Lasso-13LSI,swarm-2.8.11,SWA-13,0,0,1,1,1,1,11,8,1,128,CDS,0.125
Lasso-13LSI,swarm-2.8.11,SWA-14,0,0,1,1,1,2,11,8,1,102,CDS,0.125
Lasso-13LSI,swarm-2.8.11,SWA-15,0,0,0,0,0,N/A,N/A,,0,70,CDS,0
Lasso-13LSI,swarm-2.8.11,SWA-16,1,1,1,1,1,1,1,1,1,145,CDS,1
Lasso-13LSI,swarm-2.8.11,SWA-17,0,0,0,0,1,1,3,18,1,86,CDS,0.05555555556
Lasso-13LSI,swarm-2.8.11,SWA-18,0,1,1,1,1,1,1,3,1,9,CDS,0.3333333333
Lasso-13LSI,swarm-2.8.11,SWA-19,0,1,1,1,1,1,2,2,1,131,CDS,0.5
Lasso-13LSI,swarm-2.8.11,SWA-20,0,1,1,1,1,2,7,5,1,86,CDS,0.2
Lasso-13LSI,swarm-2.8.11,SWA-21,0,0,0,0,0,1,7,104,1,805,CDS,0.009615384615
Lasso-13LSI,swarm-2.8.11,SWA-22,0,0,1,1,1,1,10,10,1,107,CDS,0.1
Lasso-13LSI,swarm-2.8.11,SWA-23,0,0,0,0,0,N/A,N/A,,0,414,CDS,0
Lasso-13LSI,swarm-2.8.11,SWA-24,0,1,1,1,1,1,12,3,1,270,CDS,0.3333333333
Lasso-13LSI,swarm-2.8.11,SWA-25,0,1,1,1,1,1,2,4,1,75,CDS,0.25
Lasso-13LSI,rhino-1.6R5,RHI-1,0,1,1,1,1,1,3,2,1,208,CDS,0.5
Lasso-13LSI,rhino-1.6R5,RHI-2,0,0,0,0,0,N/A,N/A,,0,134,CDS,0
Lasso-13LSI,rhino-1.6R5,RHI-3,1,1,1,1,1,None,18,1,1,691,CDS,1
Lasso-13LSI,rhino-1.6R5,RHI-4,0,0,0,0,1,1,3,16,1,741,CDS,0.0625
Lasso-13LSI,rhino-1.6R5,RHI-5,0,0,0,0,0,None,3,346,1,380,CDS,0.00289017341
Lasso-13LSI,rhino-1.6R5,RHI-6,0,0,0,0,0,3,5,217,1,546,CDS,0.004608294931
Lasso-13LSI,rhino-1.6R5,RHI-7,0,0,0,0,0,1,1,63,1,225,CDS,0.01587301587
Lasso-13LSI,rhino-1.6R5,RHI-8,0,0,0,0,0,1,1,104,1,117,CDS,0.009615384615
Lasso-13LSI,rhino-1.6R5,RHI-9,0,0,0,0,0,1,1,104,1,117,CDS,0.009615384615
Lasso-13LSI,rhino-1.6R5,RHI-10,0,0,0,0,0,1,1,104,1,209,CDS,0.009615384615
Lasso-13LSI,rhino-1.6R5,RHI-11,0,0,0,0,0,N/A,N/A,,0,28,CDS,0
Lasso-13LSI,rhino-1.6R5,RHI-12,0,0,0,0,0,1,7,260,1,1326,CDS,0.003846153846
Lasso-13LSI,rhino-1.6R5,RHI-13,0,0,0,0,0,1,2,24,1,1326,CDS,0.04166666667
Lasso-13LSI,rhino-1.6R5,RHI-14,0,0,0,0,0,6,6,28,1,833,CDS,0.03571428571
Lasso-13LSI,rhino-1.6R5,RHI-15,0,0,1,1,1,1,5,10,1,789,CDS,0.1
Lasso-13LSI,rhino-1.6R5,RHI-16,1,1,1,1,1,1,1,1,1,322,CDS,1
Lasso-13LSI,rhino-1.6R5,RHI-17,0,0,0,0,0,N/A,N/A,,0,257,CDS,0
Lasso-13LSI,rhino-1.6R5,RHI-18,0,0,0,0,0,N/A,N/A,,0,295,CDS,0
Lasso-13LSI,rhino-1.6R5,RHI-19,0,0,0,1,1,1,1,12,1,301,CDS,0.08333333333
Lasso-13LSI,rhino-1.6R5,RHI-20,0,0,0,0,0,1,4,37,1,841,CDS,0.02702702703
Lasso-13LSI,rhino-1.6R5,RHI-21,0,1,1,1,1,4,17,2,1,971,CDS,0.5
Lasso-13LSI,shardingsphere-5.0.0-rc1,SHS-2,0,0,0,0,0,N/A,N/A,,0,9,VDS,0
Lasso-13LSI,shardingsphere-5.0.0-rc1,SHS-3,1,1,1,1,1,1,1,1,1,85,VDS,1
Lasso-13LSI,shardingsphere-5.0.0-rc1,SHS-4,1,1,1,1,1,1,1,1,1,58,VDS,1
Lasso-13LSI,shardingsphere-5.0.0-rc1,SHS-5,0,0,0,0,0,N/A,N/A,,0,65,VDS,0
Lasso-13LSI,shardingsphere-5.0.0-rc1,SHS-6,0,0,0,0,0,N/A,N/A,,0,146,VDS,0
Lasso-13LSI,shardingsphere-5.0.0-rc1,SHS-10,0,0,0,0,0,N/A,N/A,,0,168,VDS,0
Lasso-13LSI,shardingsphere-5.0.0-rc1,SHS-11,1,1,1,1,1,1,1,1,1,559,VDS,1
Lasso-13LSI,shardingsphere-5.0.0-rc1,SHS-12,1,1,1,1,1,1,1,1,1,559,VDS,1
Lasso-13LSI,shardingsphere-5.0.0-rc1,SHS-9,1,1,1,1,1,1,1,1,1,25,VDS,1
Lasso-13LSI,shardingsphere-5.0.0-rc1,SHS-7,0,0,0,0,0,N/A,N/A,,0,26,VDS,0
Lasso-13LSI,shardingsphere-5.0.0-rc1,SHS-1,0,1,1,1,1,1,1,2,1,108,VDS,0.5
Lasso-13LSI,shardingsphere-5.0.0-rc1,SHS-8,0,0,0,0,0,N/A,N/A,,0,378,VDS,0
Lasso-13LSI,shardingsphere-5.0.0-rc1,SHS-13,1,1,1,1,1,1,1,1,1,16,VDS,1
Lasso-13LSI,shardingsphere-5.0.0-rc1,SHS-14,1,1,1,1,1,1,1,1,1,38,VDS,1
Lasso-13Luc,jpos-2.1.4,JPO-2,0,0,0,0,0,N/A,N/A,,0,57,VDS,0
Lasso-13Luc,jpos-2.1.4,JPO-3,1,1,1,1,1,1,3,1,1,29,VDS,1
Lasso-13Luc,jpos-2.1.4,JPO-4,1,1,1,1,1,1,1,1,1,99,VDS,1
Lasso-13Luc,jpos-2.1.4,JPO-5,0,0,0,0,0,N/A,N/A,,0,92,VDS,0
Lasso-13Luc,jpos-2.1.4,JPO-8,1,1,1,1,1,None,7,1,1,1167,VDS,1
Lasso-13Luc,jpos-2.1.4,JPO-18,1,1,1,1,1,1,10,1,1,452,VDS,1
Lasso-13Luc,jpos-2.1.4,JPO-6,0,1,1,1,1,3,4,2,1,34,VDS,0.5
Lasso-13Luc,jpos-2.1.4,JPO-14,1,1,1,1,1,3,14,1,1,10,VDS,1
Lasso-13Luc,jpos-2.1.4,JPO-17,0,1,1,1,1,2,9,5,1,67,VDS,0.2
Lasso-13Luc,jpos-2.1.4,JPO-1,0,0,0,0,0,1,1,68,1,621,VDS,0.01470588235
Lasso-13Luc,jpos-2.1.4,JPO-9,1,1,1,1,1,1,1,1,1,49,VDS,1
Lasso-13Luc,jpos-2.1.4,JPO-10,0,0,0,0,1,1,1,20,1,33,VDS,0.05
Lasso-13Luc,jpos-2.1.4,JPO-11,1,1,1,1,1,1,1,1,1,24,VDS,1
Lasso-13Luc,jpos-2.1.4,JPO-12,0,0,0,0,0,1,1,175,1,432,VDS,0.005714285714
Lasso-13Luc,jpos-2.1.4,JPO-19,1,1,1,1,1,1,1,1,1,471,VDS,1
Lasso-13Luc,jpos-2.1.4,JPO-20,0,0,1,1,1,1,2,9,1,872,VDS,0.1111111111
Lasso-13Luc,jpos-2.1.4,JPO-7,1,1,1,1,1,1,1,1,1,138,VDS,1
Lasso-13Luc,jpos-2.1.4,JPO-13,1,1,1,1,1,1,1,1,1,334,VDS,1
Lasso-13Luc,jpos-2.1.4,JPO-15,0,1,1,1,1,1,1,3,1,177,VDS,0.3333333333
Lasso-13Luc,jpos-2.1.4,JPO-16,0,1,1,1,1,1,1,5,1,173,VDS,0.2
Lasso-13Luc,skywalking-8.0.1,SKY-2,1,1,1,1,1,1,3,1,1,1113,VDS,1
Lasso-13Luc,skywalking-8.0.1,SKY-14,1,1,1,1,1,1,1,1,1,590,VDS,1
Lasso-13Luc,skywalking-8.0.1,SKY-17,0,1,1,1,1,1,1,2,1,1221,VDS,0.5
Lasso-13Luc,skywalking-8.0.1,SKY-22,1,1,1,1,1,2,7,1,1,584,VDS,1
Lasso-13Luc,skywalking-8.0.1,SKY-25,1,1,1,1,1,1,4,1,1,1220,VDS,1
Lasso-13Luc,skywalking-8.0.1,SKY-26,0,0,1,1,1,1,3,7,1,240,VDS,0.1428571429
Lasso-13Luc,skywalking-8.0.1,SKY-3,0,0,0,0,0,None,1,171,1,1024,VDS,0.005847953216
Lasso-13Luc,skywalking-8.0.1,SKY-20,0,1,1,1,1,1,2,5,1,1122,VDS,0.2
Lasso-13Luc,skywalking-8.0.1,SKY-1,1,1,1,1,1,1,1,1,1,454,VDS,1
Lasso-13Luc,skywalking-8.0.1,SKY-4,1,1,1,1,1,1,1,1,1,91,VDS,1
Lasso-13Luc,skywalking-8.0.1,SKY-5,1,1,1,1,1,1,1,1,1,358,VDS,1
Lasso-13Luc,skywalking-8.0.1,SKY-7,1,1,1,1,1,1,1,1,1,136,VDS,1
Lasso-13Luc,skywalking-8.0.1,SKY-8,1,1,1,1,1,1,1,1,1,1414,VDS,1
Lasso-13Luc,skywalking-8.0.1,SKY-9,1,1,1,1,1,1,1,1,1,177,VDS,1
Lasso-13Luc,skywalking-8.0.1,SKY-10,1,1,1,1,1,1,1,1,1,1009,VDS,1
Lasso-13Luc,skywalking-8.0.1,SKY-11,1,1,1,1,1,1,1,1,1,370,VDS,1
Lasso-13Luc,skywalking-8.0.1,SKY-12,1,1,1,1,1,1,1,1,1,140,VDS,1
Lasso-13Luc,skywalking-8.0.1,SKY-13,1,1,1,1,1,1,1,1,1,684,VDS,1
Lasso-13Luc,skywalking-8.0.1,SKY-15,1,1,1,1,1,1,1,1,1,628,VDS,1
Lasso-13Luc,skywalking-8.0.1,SKY-16,1,1,1,1,1,1,1,1,1,728,VDS,1
Lasso-13Luc,skywalking-8.0.1,SKY-18,0,1,1,1,1,1,1,3,1,820,VDS,0.3333333333
Lasso-13Luc,skywalking-8.0.1,SKY-19,0,1,1,1,1,1,1,3,1,781,VDS,0.3333333333
Lasso-13Luc,skywalking-8.0.1,SKY-21,1,1,1,1,1,1,1,1,1,777,VDS,1
Lasso-13Luc,skywalking-8.0.1,SKY-24,1,1,1,1,1,1,1,1,1,736,VDS,1
Lasso-13Luc,skywalking-8.0.1,SKY-27,1,1,1,1,1,1,1,1,1,284,VDS,1
Lasso-13Luc,skywalking-8.0.1,SKY-23,0,1,1,1,1,1,1,2,1,728,VDS,0.5
Lasso-13Luc,skywalking-8.0.1,SKY-6,0,1,1,1,1,1,1,3,1,67,VDS,0.3333333333
Lasso-13Luc,log4j-2.13.3,LOG-1,0,1,1,1,1,1,6,2,1,398,VDS,0.5
Lasso-13Luc,log4j-2.13.3,LOG-5,1,1,1,1,1,1,3,1,1,129,VDS,1
Lasso-13Luc,log4j-2.13.3,LOG-4,0,0,0,0,1,1,1,17,1,102,VDS,0.05882352941
Lasso-13Luc,log4j-2.13.3,LOG-6,1,1,1,1,1,2,8,1,1,395,VDS,1
Lasso-13Luc,log4j-2.13.3,LOG-8,0,0,0,0,0,1,2,271,1,565,VDS,0.0036900369
Lasso-13Luc,log4j-2.13.3,LOG-9,0,1,1,1,1,1,1,5,1,252,VDS,0.2
Lasso-13Luc,log4j-2.13.3,LOG-12,0,1,1,1,1,1,2,5,1,88,VDS,0.2
Lasso-13Luc,log4j-2.13.3,LOG-13,0,1,1,1,1,3,5,3,1,493,VDS,0.3333333333
Lasso-13Luc,log4j-2.13.3,LOG-14,0,0,0,0,0,1,2,39,1,252,VDS,0.02564102564
Lasso-13Luc,log4j-2.13.3,LOG-15,0,0,0,0,0,1,2,21,1,44,VDS,0.04761904762
Lasso-13Luc,log4j-2.13.3,LOG-16,0,1,1,1,1,1,1,2,1,341,VDS,0.5
Lasso-13Luc,log4j-2.13.3,LOG-17,0,0,0,1,1,1,1,14,1,330,VDS,0.07142857143
Lasso-13Luc,log4j-2.13.3,LOG-18,0,1,1,1,1,2,2,3,1,19,VDS,0.3333333333
Lasso-13Luc,log4j-2.13.3,LOG-2,1,1,1,1,1,1,1,1,1,1471,VDS,1
Lasso-13Luc,log4j-2.13.3,LOG-3,0,0,0,1,1,1,1,14,1,33,VDS,0.07142857143
Lasso-13Luc,log4j-2.13.3,LOG-10,1,1,1,1,1,8,10,1,1,427,VDS,1
Lasso-13Luc,log4j-2.13.3,LOG-11,0,1,1,1,1,1,10,2,1,1238,VDS,0.5
Lasso-13Luc,log4j-2.13.3,LOG-7,1,1,1,1,1,1,1,1,1,1108,VDS,1
Lasso-13Luc,jabref-5.0,JAB-6,0,0,1,1,1,4,4,6,1,394,VDS,0.1666666667
Lasso-13Luc,jabref-5.0,JAB-13,0,0,0,0,0,N/A,N/A,,0,37,VDS,0
Lasso-13Luc,jabref-5.0,JAB-14,0,0,0,0,0,None,1,232,1,602,VDS,0.004310344828
Lasso-13Luc,jabref-5.0,JAB-15,0,0,0,0,0,N/A,N/A,,0,0,VDS,0
Lasso-13Luc,jabref-5.0,JAB-16,0,1,1,1,1,1,2,2,1,185,VDS,0.5
Lasso-13Luc,jabref-5.0,JAB-9,0,1,1,1,1,1,2,4,1,404,VDS,0.25
Lasso-13Luc,jabref-5.0,JAB-10,0,1,1,1,1,1,1,2,1,124,VDS,0.5
Lasso-13Luc,jabref-5.0,JAB-11,0,1,1,1,1,2,2,2,1,301,VDS,0.5
Lasso-13Luc,jabref-5.0,JAB-1,1,1,1,1,1,2,9,1,1,349,VDS,1
Lasso-13Luc,jabref-5.0,JAB-2,0,1,1,1,1,6,10,2,1,721,VDS,0.5
Lasso-13Luc,jabref-5.0,JAB-4,0,0,1,1,1,None,1,7,1,26,VDS,0.1428571429
Lasso-13Luc,jabref-5.0,JAB-5,1,1,1,1,1,2,3,1,1,84,VDS,1
Lasso-13Luc,jabref-5.0,JAB-8,0,1,1,1,1,1,4,2,1,760,VDS,0.5
Lasso-13Luc,jabref-5.0,JAB-18,0,0,0,0,0,N/A,N/A,,0,17,VDS,0
Lasso-13Luc,jabref-5.0,JAB-20,0,0,0,1,1,1,1,11,1,131,VDS,0.09090909091
Lasso-13Luc,jabref-5.0,JAB-21,1,1,1,1,1,2,3,1,1,97,VDS,1
Lasso-13Luc,jabref-5.0,JAB-12,0,0,1,1,1,None,3,7,1,196,VDS,0.1428571429
Lasso-13Luc,jabref-5.0,JAB-3,0,0,1,1,1,1,6,9,1,225,VDS,0.1111111111
Lasso-13Luc,jabref-5.0,JAB-7,0,0,0,0,0,None,1,61,1,194,VDS,0.01639344262
Lasso-13Luc,jabref-5.0,JAB-17,1,1,1,1,1,1,8,1,1,234,VDS,1
Lasso-13Luc,jabref-5.0,JAB-22,1,1,1,1,1,1,3,1,1,170,VDS,1
Lasso-13Luc,jabref-5.0,JAB-19,0,0,1,1,1,2,5,6,1,318,VDS,0.1666666667
Lasso-13Luc,jabref-5.0,JAB-23,0,0,1,1,1,1,5,9,1,526,VDS,0.1111111111
Lasso-13Luc,mybatis-3.5.5,MYB-2,0,0,1,1,1,1,8,7,1,206,VDS,0.1428571429
Lasso-13Luc,mybatis-3.5.5,MYB-4,0,1,1,1,1,3,8,4,1,205,VDS,0.25
Lasso-13Luc,mybatis-3.5.5,MYB-6,1,1,1,1,1,1,3,1,1,219,VDS,1
Lasso-13Luc,mybatis-3.5.5,MYB-11,0,0,1,1,1,1,2,10,1,116,VDS,0.1
Lasso-13Luc,mybatis-3.5.5,MYB-9,0,0,0,1,1,1,2,14,1,116,VDS,0.07142857143
Lasso-13Luc,mybatis-3.5.5,MYB-7,0,1,1,1,1,1,21,2,1,298,VDS,0.5
Lasso-13Luc,mybatis-3.5.5,MYB-3,0,0,1,1,1,1,1,9,1,106,VDS,0.1111111111
Lasso-13Luc,mybatis-3.5.5,MYB-12,0,0,0,0,0,N/A,N/A,,0,61,VDS,0
Lasso-13Luc,mybatis-3.5.5,MYB-13,0,1,1,1,1,1,6,4,1,198,VDS,0.25
Lasso-13Luc,mybatis-3.5.5,MYB-14,0,0,1,1,1,1,4,8,1,87,VDS,0.125
Lasso-13Luc,mybatis-3.5.5,MYB-1,1,1,1,1,1,1,4,1,1,167,VDS,1
Lasso-13Luc,mybatis-3.5.5,MYB-15,0,1,1,1,1,1,1,2,1,10,VDS,0.5
Lasso-13Luc,mybatis-3.5.5,MYB-5,1,1,1,1,1,1,5,1,1,219,VDS,1
Lasso-13Luc,mybatis-3.5.5,MYB-8,0,1,1,1,1,1,1,4,1,249,VDS,0.25
Lasso-13Luc,mybatis-3.5.5,MYB-10,1,1,1,1,1,1,1,1,1,176,VDS,1
Lasso-13Luc,swarm-2.8.11,SWA-1,1,1,1,1,1,1,5,1,1,347,CDS,1
Lasso-13Luc,swarm-2.8.11,SWA-2,0,0,1,1,1,1,1,10,1,152,CDS,0.1
Lasso-13Luc,swarm-2.8.11,SWA-3,0,0,0,0,0,6,9,22,1,281,CDS,0.04545454545
Lasso-13Luc,swarm-2.8.11,SWA-4,0,0,0,0,0,N/A,N/A,,0,97,CDS,0
Lasso-13Luc,swarm-2.8.11,SWA-5,0,1,1,1,1,1,1,3,1,50,CDS,0.3333333333
Lasso-13Luc,swarm-2.8.11,SWA-6,0,0,1,1,1,1,1,9,1,163,CDS,0.1111111111
Lasso-13Luc,swarm-2.8.11,SWA-7,0,1,1,1,1,1,2,4,1,263,CDS,0.25
Lasso-13Luc,swarm-2.8.11,SWA-8,0,1,1,1,1,1,3,4,1,77,CDS,0.25
Lasso-13Luc,swarm-2.8.11,SWA-9,0,0,0,1,1,1,1,12,1,278,CDS,0.08333333333
Lasso-13Luc,swarm-2.8.11,SWA-10,0,0,0,0,0,1,1,28,1,261,CDS,0.03571428571
Lasso-13Luc,swarm-2.8.11,SWA-11,0,1,1,1,1,1,2,4,1,263,CDS,0.25
Lasso-13Luc,swarm-2.8.11,SWA-12,0,0,0,0,1,1,2,18,1,77,CDS,0.05555555556
Lasso-13Luc,swarm-2.8.11,SWA-13,0,0,1,1,1,1,11,7,1,128,CDS,0.1428571429
Lasso-13Luc,swarm-2.8.11,SWA-14,0,0,1,1,1,2,11,7,1,102,CDS,0.1428571429
Lasso-13Luc,swarm-2.8.11,SWA-15,0,0,0,0,0,N/A,N/A,,0,70,CDS,0
Lasso-13Luc,swarm-2.8.11,SWA-16,1,1,1,1,1,1,1,1,1,145,CDS,1
Lasso-13Luc,swarm-2.8.11,SWA-17,1,1,1,1,1,1,3,1,1,86,CDS,1
Lasso-13Luc,swarm-2.8.11,SWA-18,0,0,1,1,1,1,1,7,1,9,CDS,0.1428571429
Lasso-13Luc,swarm-2.8.11,SWA-19,0,0,1,1,1,1,2,9,1,131,CDS,0.1111111111
Lasso-13Luc,swarm-2.8.11,SWA-20,0,1,1,1,1,2,7,2,1,86,CDS,0.5
Lasso-13Luc,swarm-2.8.11,SWA-21,1,1,1,1,1,1,7,1,1,805,CDS,1
Lasso-13Luc,swarm-2.8.11,SWA-22,0,1,1,1,1,1,10,3,1,107,CDS,0.3333333333
Lasso-13Luc,swarm-2.8.11,SWA-23,0,0,0,0,0,N/A,N/A,,0,414,CDS,0
Lasso-13Luc,swarm-2.8.11,SWA-24,1,1,1,1,1,1,12,1,1,270,CDS,1
Lasso-13Luc,swarm-2.8.11,SWA-25,0,1,1,1,1,1,2,3,1,75,CDS,0.3333333333
Lasso-13Luc,guava-28.0,GUA-1,0,0,0,0,0,1,1,1155,1,1359,CDS,0.0008658008658
Lasso-13Luc,guava-28.0,GUA-2,1,1,1,1,1,1,1,1,1,1832,CDS,1
Lasso-13Luc,guava-28.0,GUA-3,0,0,0,0,0,N/A,N/A,,0,1062,CDS,0
Lasso-13Luc,guava-28.0,GUA-4,1,1,1,1,1,1,1,1,1,808,CDS,1
Lasso-13Luc,guava-28.0,GUA-5,0,1,1,1,1,1,1,2,1,547,CDS,0.5
Lasso-13Luc,guava-28.0,GUA-6,1,1,1,1,1,1,1,1,1,276,CDS,1
Lasso-13Luc,guava-28.0,GUA-7,0,1,1,1,1,1,4,4,1,691,CDS,0.25
Lasso-13Luc,guava-28.0,GUA-8,1,1,1,1,1,1,1,1,1,558,CDS,1
Lasso-13Luc,shardingsphere-5.0.0-rc1,SHS-2,0,0,0,0,0,N/A,N/A,,0,9,VDS,0
Lasso-13Luc,shardingsphere-5.0.0-rc1,SHS-3,1,1,1,1,1,1,1,1,1,85,VDS,1
Lasso-13Luc,shardingsphere-5.0.0-rc1,SHS-4,1,1,1,1,1,1,1,1,1,58,VDS,1
Lasso-13Luc,shardingsphere-5.0.0-rc1,SHS-5,0,0,0,0,0,N/A,N/A,,0,65,VDS,0
Lasso-13Luc,shardingsphere-5.0.0-rc1,SHS-6,0,0,0,0,0,N/A,N/A,,0,146,VDS,0
Lasso-13Luc,shardingsphere-5.0.0-rc1,SHS-10,0,0,0,0,0,N/A,N/A,,0,168,VDS,0
Lasso-13Luc,shardingsphere-5.0.0-rc1,SHS-11,1,1,1,1,1,1,1,1,1,559,VDS,1
Lasso-13Luc,shardingsphere-5.0.0-rc1,SHS-12,1,1,1,1,1,1,1,1,1,559,VDS,1
Lasso-13Luc,shardingsphere-5.0.0-rc1,SHS-9,0,1,1,1,1,1,1,2,1,25,VDS,0.5
Lasso-13Luc,shardingsphere-5.0.0-rc1,SHS-7,0,0,0,0,0,N/A,N/A,,0,26,VDS,0
Lasso-13Luc,shardingsphere-5.0.0-rc1,SHS-1,0,1,1,1,1,1,1,2,1,108,VDS,0.5
Lasso-13Luc,shardingsphere-5.0.0-rc1,SHS-8,0,0,0,0,0,N/A,N/A,,0,378,VDS,0
Lasso-13Luc,shardingsphere-5.0.0-rc1,SHS-13,0,1,1,1,1,1,1,2,1,16,VDS,0.5
Lasso-13Luc,shardingsphere-5.0.0-rc1,SHS-14,1,1,1,1,1,1,1,1,1,38,VDS,1
Lasso-13Luc,joda_time-2.10.3,JTI-1,0,0,0,0,0,N/A,N/A,,0,336,CDS,0
Lasso-13Luc,joda_time-2.10.3,JTI-2,1,1,1,1,1,1,2,1,1,125,CDS,1
Lasso-13Luc,joda_time-2.10.3,JTI-3,0,1,1,1,1,1,1,4,1,185,CDS,0.25
Lasso-13Luc,joda_time-2.10.3,JTI-4,0,0,0,0,0,N/A,N/A,,0,751,CDS,0
Lasso-13Luc,joda_time-2.10.3,JTI-5,1,1,1,1,1,1,5,1,1,521,CDS,1
Lasso-13Luc,joda_time-2.10.3,JTI-6,0,1,1,1,1,1,5,4,1,521,CDS,0.25
Lasso-13Luc,joda_time-2.10.3,JTI-7,0,0,0,0,0,N/A,N/A,,0,751,CDS,0
Lasso-13Luc,joda_time-2.10.3,JTI-8,0,0,0,0,0,N/A,N/A,,0,529,CDS,0
Lasso-13Luc,joda_time-2.10.3,JTI-9,0,0,0,0,0,N/A,N/A,,0,203,CDS,0
Lasso-13Luc,joda_time-2.10.3,JTI-10,1,1,1,1,1,1,1,1,1,124,CDS,1
Lasso-13Luc,joda_time-2.10.3,JTI-11,0,0,0,0,0,N/A,N/A,,0,112,CDS,0
Lasso-13Luc,joda_time-2.10.3,JTI-12,0,0,0,0,0,N/A,N/A,,0,351,CDS,0
Lasso-13Luc,argouml-0.35.4,UML-1,0,0,0,0,1,1,3,16,1,300,CDS,0.0625
Lasso-13Luc,argouml-0.35.4,UML-2,0,1,1,1,1,None,3,2,1,467,CDS,0.5
Lasso-13Luc,argouml-0.35.4,UML-3,0,0,0,0,0,N/A,N/A,,0,2259,CDS,0
Lasso-13Luc,argouml-0.35.4,UML-4,0,0,0,0,0,None,1,91,1,1230,CDS,0.01098901099
Lasso-13Luc,argouml-0.35.4,UML-5,0,1,1,1,1,1,8,4,1,885,CDS,0.25
Lasso-13Luc,argouml-0.35.4,UML-6,0,0,0,0,1,1,4,18,1,1105,CDS,0.05555555556
Lasso-13Luc,argouml-0.35.4,UML-7,0,0,0,1,1,None,6,12,1,1192,CDS,0.08333333333
Lasso-13Luc,argouml-0.35.4,UML-8,0,0,1,1,1,3,3,6,1,517,CDS,0.1666666667
Lasso-13Luc,argouml-0.35.4,UML-9,0,0,0,0,0,None,1,42,1,287,CDS,0.02380952381
Lasso-13Luc,argouml-0.35.4,UML-10,0,1,1,1,1,1,8,3,1,473,CDS,0.3333333333
Lasso-13Luc,argouml-0.35.4,UML-11,0,0,1,1,1,1,4,8,1,440,CDS,0.125
Lasso-13Luc,argouml-0.35.4,UML-12,0,1,1,1,1,1,8,3,1,396,CDS,0.3333333333
Lasso-13Luc,argouml-0.35.4,UML-13,0,1,1,1,1,1,8,3,1,362,CDS,0.3333333333
Lasso-13Luc,argouml-0.35.4,UML-14,0,1,1,1,1,1,8,4,1,652,CDS,0.25
Lasso-13Luc,argouml-0.35.4,UML-15,0,1,1,1,1,1,10,3,1,620,CDS,0.3333333333
Lasso-13Luc,argouml-0.35.4,UML-16,0,0,0,1,1,1,10,13,1,970,CDS,0.07692307692
Lasso-13Luc,argouml-0.35.4,UML-17,0,1,1,1,1,1,2,5,1,1325,CDS,0.2
Lasso-13Luc,argouml-0.35.4,UML-18,0,1,1,1,1,1,2,2,1,7,CDS,0.5
Lasso-13Luc,argouml-0.35.4,UML-19,0,1,1,1,1,1,1,5,1,403,CDS,0.2
Lasso-13Luc,argouml-0.35.4,UML-20,0,1,1,1,1,1,7,2,1,994,CDS,0.5
Lasso-13Luc,argouml-0.35.4,UML-21,0,0,1,1,1,1,1,6,1,1249,CDS,0.1666666667
Lasso-13Luc,argouml-0.35.4,UML-22,0,1,1,1,1,1,1,4,1,403,CDS,0.25
Lasso-13Luc,rhino-1.6R5,RHI-1,1,1,1,1,1,1,3,1,1,208,CDS,1
Lasso-13Luc,rhino-1.6R5,RHI-2,0,0,0,0,0,N/A,N/A,,0,134,CDS,0
Lasso-13Luc,rhino-1.6R5,RHI-3,0,1,1,1,1,None,18,4,1,691,CDS,0.25
Lasso-13Luc,rhino-1.6R5,RHI-4,0,0,0,0,0,1,3,340,1,741,CDS,0.002941176471
Lasso-13Luc,rhino-1.6R5,RHI-5,0,0,0,0,0,None,3,308,1,380,CDS,0.003246753247
Lasso-13Luc,rhino-1.6R5,RHI-6,0,1,1,1,1,3,5,2,1,546,CDS,0.5
Lasso-13Luc,rhino-1.6R5,RHI-7,0,0,0,0,0,1,1,68,1,225,CDS,0.01470588235
Lasso-13Luc,rhino-1.6R5,RHI-8,0,0,0,0,0,1,1,102,1,117,CDS,0.009803921569
Lasso-13Luc,rhino-1.6R5,RHI-9,0,0,0,0,0,1,1,99,1,117,CDS,0.0101010101
Lasso-13Luc,rhino-1.6R5,RHI-10,0,0,0,0,0,1,1,92,1,209,CDS,0.01086956522
Lasso-13Luc,rhino-1.6R5,RHI-11,0,0,0,0,0,N/A,N/A,,0,28,CDS,0
Lasso-13Luc,rhino-1.6R5,RHI-12,0,1,1,1,1,1,7,3,1,1326,CDS,0.3333333333
Lasso-13Luc,rhino-1.6R5,RHI-13,0,1,1,1,1,1,2,2,1,1326,CDS,0.5
Lasso-13Luc,rhino-1.6R5,RHI-14,0,1,1,1,1,6,6,2,1,833,CDS,0.5
Lasso-13Luc,rhino-1.6R5,RHI-15,0,1,1,1,1,1,5,2,1,789,CDS,0.5
Lasso-13Luc,rhino-1.6R5,RHI-16,1,1,1,1,1,1,1,1,1,322,CDS,1
Lasso-13Luc,rhino-1.6R5,RHI-17,0,0,0,0,0,N/A,N/A,,0,257,CDS,0
Lasso-13Luc,rhino-1.6R5,RHI-18,0,0,0,0,0,N/A,N/A,,0,295,CDS,0
Lasso-13Luc,rhino-1.6R5,RHI-19,0,0,0,1,1,1,1,11,1,301,CDS,0.09090909091
Lasso-13Luc,rhino-1.6R5,RHI-20,0,1,1,1,1,1,4,2,1,841,CDS,0.5
Lasso-13Luc,rhino-1.6R5,RHI-21,0,0,0,0,0,4,17,171,1,971,CDS,0.005847953216
Lasso-13Luc,checkstyle-8.35,CHK-17,0,0,1,1,1,1,2,10,1,698,VDS,0.1
Lasso-13Luc,checkstyle-8.35,CHK-1,0,0,0,0,0,2,2,120,1,434,VDS,0.008333333333
Lasso-13Luc,checkstyle-8.35,CHK-8,0,1,1,1,1,1,4,3,1,178,VDS,0.3333333333
Lasso-13Luc,checkstyle-8.35,CHK-9,0,1,1,1,1,2,3,2,1,256,VDS,0.5
Lasso-13Luc,checkstyle-8.35,CHK-10,0,1,1,1,1,1,3,3,1,463,VDS,0.3333333333
Lasso-13Luc,checkstyle-8.35,CHK-11,0,1,1,1,1,1,2,4,1,93,VDS,0.25
Lasso-13Luc,checkstyle-8.35,CHK-15,0,1,1,1,1,1,1,2,1,59,VDS,0.5
Lasso-13Luc,checkstyle-8.35,CHK-16,1,1,1,1,1,1,5,1,1,451,VDS,1
Lasso-13Luc,checkstyle-8.35,CHK-2,0,1,1,1,1,1,2,5,1,157,VDS,0.2
Lasso-13Luc,checkstyle-8.35,CHK-4,0,0,0,0,0,1,1,37,1,190,VDS,0.02702702703
Lasso-13Luc,checkstyle-8.35,CHK-5,1,1,1,1,1,1,2,1,1,111,VDS,1
Lasso-13Luc,checkstyle-8.35,CHK-6,1,1,1,1,1,1,2,1,1,197,VDS,1
Lasso-13Luc,checkstyle-8.35,CHK-7,0,0,0,0,0,N/A,N/A,,0,93,VDS,0
Lasso-13Luc,checkstyle-8.35,CHK-12,0,0,1,1,1,1,5,7,1,155,VDS,0.1428571429
Lasso-13Luc,checkstyle-8.35,CHK-13,0,0,1,1,1,3,3,6,1,318,VDS,0.1666666667
Lasso-13Luc,checkstyle-8.35,CHK-14,0,1,1,1,1,1,4,3,1,300,VDS,0.3333333333
Lasso-13Luc,checkstyle-8.35,CHK-3,0,0,0,0,0,N/A,N/A,,0,500,VDS,0
Lasso-13Luc,checkstyle-8.35,CHK-18,1,1,1,1,1,1,1,1,1,591,VDS,1
Lasso-13Luc,checkstyle-8.35,CHK-19,1,1,1,1,1,1,1,1,1,557,VDS,1
Lasso-13Luc,jedit-5.6pre0,JED-1,0,0,0,0,0,N/A,N/A,,0,55,CDS,0
Lasso-13Luc,jedit-5.6pre0,JED-2,0,0,0,0,0,N/A,N/A,,0,0,CDS,0
Lasso-13Luc,jedit-5.6pre0,JED-3,0,0,0,0,0,1,1,31,1,332,CDS,0.03225806452
Lasso-13Luc,jedit-5.6pre0,JED-4,0,0,0,0,0,N/A,N/A,,0,719,CDS,0
Lasso-13Luc,jedit-5.6pre0,JED-5,0,0,0,0,0,1,2,157,1,666,CDS,0.006369426752
Lasso-13Luc,jedit-5.6pre0,JED-6,0,0,0,0,0,N/A,N/A,,0,848,CDS,0
Lasso-13Luc,jedit-5.6pre0,JED-7,0,0,0,0,1,3,6,20,1,1480,CDS,0.05
Lasso-13Luc,jedit-5.6pre0,JED-8,1,1,1,1,1,1,2,1,1,214,CDS,1
Lasso-13Luc,jedit-5.6pre0,JED-9,0,1,1,1,1,1,11,2,1,425,CDS,0.5
Lasso-13Luc,jedit-5.6pre0,JED-10,0,0,0,0,0,N/A,N/A,,0,642,CDS,0
Lasso-13Luc,jedit-5.6pre0,JED-11,0,0,0,0,0,2,8,23,1,552,CDS,0.04347826087
Lasso-13Luc,jedit-5.6pre0,JED-12,1,1,1,1,1,3,14,1,1,1617,CDS,1
Lasso-13Luc,jedit-5.6pre0,JED-13,1,1,1,1,1,2,10,1,1,596,CDS,1
Lasso-13Luc,jedit-5.6pre0,JED-14,0,0,0,0,0,N/A,N/A,,0,719,CDS,0
Lasso-13Luc,jedit-5.6pre0,JED-15,0,1,1,1,1,1,13,2,1,479,CDS,0.5
Lasso-13Luc,jedit-5.6pre0,JED-16,0,0,1,1,1,2,3,9,1,614,CDS,0.1111111111
Lasso-13Luc,jedit-5.6pre0,JED-17,0,1,1,1,1,1,3,4,1,642,CDS,0.25
Lasso-13Luc,jedit-5.6pre0,JED-18,0,1,1,1,1,1,3,4,1,1843,CDS,0.25
Lasso-13Luc,jedit-5.6pre0,JED-19,0,1,1,1,1,1,9,2,1,1250,CDS,0.5
Lasso-13Luc,jedit-5.6pre0,JED-20,0,0,0,1,1,1,2,13,1,1214,CDS,0.07692307692
Lasso-13Luc,jedit-5.6pre0,JED-21,1,1,1,1,1,1,3,1,1,503,CDS,1
Lasso-13Luc,jedit-5.6pre0,JED-22,0,1,1,1,1,1,7,3,1,719,CDS,0.3333333333
Lasso-13Luc,jedit-5.6pre0,JED-23,0,0,0,0,0,N/A,N/A,,0,948,CDS,0
Lasso-13Luc,jedit-5.6pre0,JED-24,0,1,1,1,1,1,3,2,1,1142,CDS,0.5
Lasso-13Luc,jedit-5.6pre0,JED-25,0,1,1,1,1,1,3,2,1,1142,CDS,0.5
Lasso-13Luc,jedit-5.6pre0,JED-26,0,1,1,1,1,1,4,3,1,1755,CDS,0.3333333333
Lasso-13Luc,jedit-5.6pre0,JED-27,0,0,1,1,1,1,7,8,1,768,CDS,0.125
Lasso-13Luc,jedit-5.6pre0,JED-28,0,0,0,1,1,None,1,11,1,593,CDS,0.09090909091
Lasso-13Luc,apache-httpcomponents-4.5.9,HCO-1,0,0,0,0,0,1,4,30,1,1124,CDS,0.03333333333
Lasso-13Luc,apache-httpcomponents-4.5.9,HCO-2,0,0,1,1,1,1,3,9,1,565,CDS,0.1111111111
Lasso-13Luc,apache-httpcomponents-4.5.9,HCO-3,0,1,1,1,1,1,1,5,1,145,CDS,0.2
Lasso-13Luc,apache-httpcomponents-4.5.9,HCO-4,0,0,1,1,1,1,4,9,1,106,CDS,0.1111111111
Lasso-13Luc,apache-httpcomponents-4.5.9,HCO-5,0,0,0,0,0,N/A,N/A,,0,625,CDS,0
Lasso-13Luc,apache-httpcomponents-4.5.9,HCO-6,0,0,0,1,1,1,2,15,1,106,CDS,0.06666666667
Lasso-13Luc,apache-httpcomponents-4.5.9,HCO-7,0,0,0,0,0,N/A,N/A,,0,304,CDS,0
Lasso-13Luc,apache-httpcomponents-4.5.9,HCO-8,0,1,1,1,1,1,6,5,1,937,CDS,0.2
Lasso-13Luc,apache-httpcomponents-4.5.9,HCO-9,0,0,0,0,0,N/A,N/A,,0,1306,CDS,0
Lasso-13Luc,apache-httpcomponents-4.5.9,HCO-10,0,0,0,0,0,N/A,N/A,,0,66,CDS,0
Lasso-13Luc,apache-httpcomponents-4.5.9,HCO-11,0,1,1,1,1,1,1,5,1,382,CDS,0.2
Lasso-13Luc,apache-httpcomponents-4.5.9,HCO-12,1,1,1,1,1,1,5,1,1,891,CDS,1
Lasso-13Luc,apache-httpcomponents-4.5.9,HCO-13,0,0,0,0,0,N/A,N/A,,0,107,CDS,0
Lasso-13Luc,apache-httpcomponents-4.5.9,HCO-14,0,0,0,0,1,1,5,18,1,465,CDS,0.05555555556
Lasso-13Luc,apache-httpcomponents-4.5.9,HCO-15,0,0,0,0,0,1,4,145,1,333,CDS,0.006896551724
Lasso-13Luc,apache-httpcomponents-4.5.9,HCO-16,0,1,1,1,1,1,1,4,1,141,CDS,0.25
Lasso-13Luc,apache-httpcomponents-4.5.9,HCO-17,0,0,1,1,1,1,3,8,1,656,CDS,0.125
Lasso-13Luc,apache-httpcomponents-4.5.9,HCO-18,0,0,1,1,1,1,4,9,1,838,CDS,0.1111111111
Lasso-13Luc,apache-httpcomponents-4.5.9,HCO-19,0,0,0,0,0,1,5,25,1,937,CDS,0.04
Lasso-13Luc,apache-httpcomponents-4.5.9,HCO-20,0,0,1,1,1,1,4,9,1,334,CDS,0.1111111111
Lasso-13Luc,apache-ant-1.10.6,ANT-1,0,0,0,0,0,N/A,N/A,,0,351,CDS,0
Lasso-13Luc,apache-ant-1.10.6,ANT-2,1,1,1,1,1,1,11,1,1,163,CDS,1
Lasso-13Luc,apache-ant-1.10.6,ANT-3,0,0,0,0,0,1,1,1042,1,1208,CDS,0.0009596928983
Lasso-13Luc,apache-ant-1.10.6,ANT-4,0,0,0,0,0,1,3,115,1,1747,CDS,0.008695652174
Lasso-13Luc,apache-ant-1.10.6,ANT-5,0,0,0,1,1,2,8,11,1,180,CDS,0.09090909091
Lasso-13Luc,apache-ant-1.10.6,ANT-6,0,0,0,1,1,1,3,14,1,151,CDS,0.07142857143
Lasso-13Luc,apache-ant-1.10.6,ANT-7,0,0,0,0,1,1,1,19,1,81,CDS,0.05263157895
Lasso-13Luc,apache-ant-1.10.6,ANT-8,0,0,0,1,1,1,1,11,1,1525,CDS,0.09090909091
Lasso-13Luc,apache-ant-1.10.6,ANT-9,0,1,1,1,1,3,45,3,1,1105,CDS,0.3333333333
Lasso-13Luc,apache-ant-1.10.6,ANT-10,0,0,1,1,1,1,32,8,1,396,CDS,0.125
Lasso-13Luc,apache-ant-1.10.6,ANT-11,1,1,1,1,1,1,5,1,1,967,CDS,1
Lasso-13Luc,apache-ant-1.10.6,ANT-12,0,0,1,1,1,4,4,6,1,192,CDS,0.1666666667
Lasso-13Luc,apache-ant-1.10.6,ANT-13,0,1,1,1,1,2,5,2,1,1217,CDS,0.5
Lasso-13Luc,apache-ant-1.10.6,ANT-14,0,1,1,1,1,1,4,3,1,399,CDS,0.3333333333
Lasso-13Luc,apache-ant-1.10.6,ANT-15,0,1,1,1,1,2,4,4,1,135,CDS,0.25
Lasso-13Luc,apache-ant-1.10.6,ANT-16,0,0,0,1,1,2,2,11,1,19,CDS,0.09090909091
Lasso-13Luc,apache-ant-1.10.6,ANT-17,1,1,1,1,1,2,3,1,1,64,CDS,1
Lasso-13Luc,apache-ant-1.10.6,ANT-18,0,0,1,1,1,3,8,9,1,57,CDS,0.1111111111
Lasso-13Luc,apache-ant-1.10.6,ANT-19,0,1,1,1,1,2,14,3,1,58,CDS,0.3333333333
Lasso-13Luc,apache-ant-1.10.6,ANT-20,0,0,0,0,0,1,1,21,1,348,CDS,0.04761904762
Lasso-13Luc,apache-ant-1.10.6,ANT-21,1,1,1,1,1,1,13,1,1,64,CDS,1
Lasso-13Luc,apache-ant-1.10.6,ANT-22,0,0,1,1,1,1,1,8,1,64,CDS,0.125
Lasso-13Luc,apache-ant-1.10.6,ANT-23,0,0,0,0,0,N/A,N/A,,0,3,CDS,0
Lasso-13Luc,apache-ant-1.10.6,ANT-24,0,1,1,1,1,1,1,3,1,1173,CDS,0.3333333333
Lasso-13Luc,apache-ant-1.10.6,ANT-25,0,0,0,1,1,1,3,11,1,1173,CDS,0.09090909091
Lasso-13Luc,apache-ant-1.10.6,ANT-26,0,1,1,1,1,1,2,5,1,11,CDS,0.2
Lasso-13Luc,apache-ant-1.10.6,ANT-27,0,1,1,1,1,1,1,5,1,934,CDS,0.2
LSI,guava-28.0,GUA-1,0,0,0,0,0,None,0,5480,1,18361,CDS,0.0001824817518
LSI,guava-28.0,GUA-2,0,0,0,0,0,None,0,1624,1,18361,CDS,0.0006157635468
LSI,guava-28.0,GUA-3,0,0,0,0,0,None,0,4706,1,18361,CDS,0.0002124946876
LSI,guava-28.0,GUA-4,0,0,0,0,0,None,0,995,1,18361,CDS,0.001005025126
LSI,guava-28.0,GUA-5,0,0,0,0,0,None,0,1184,1,18361,CDS,0.0008445945946
LSI,guava-28.0,GUA-6,0,0,0,0,0,None,0,1699,1,18361,CDS,0.0005885815185
LSI,guava-28.0,GUA-7,0,0,0,0,0,None,0,1734,1,18361,CDS,0.0005767012687
LSI,guava-28.0,GUA-8,0,0,1,1,1,None,0,9,1,18361,CDS,0.1111111111
LSI,checkstyle-8.35,CHK-17,0,0,0,0,0,None,0,3384,1,6381,VDS,0.0002955082742
LSI,checkstyle-8.35,CHK-1,0,0,0,0,0,None,0,1164,1,6381,VDS,0.0008591065292
LSI,checkstyle-8.35,CHK-8,0,0,0,1,1,None,0,13,1,6381,VDS,0.07692307692
LSI,checkstyle-8.35,CHK-9,0,0,0,0,0,None,0,694,1,6381,VDS,0.00144092219
LSI,checkstyle-8.35,CHK-10,0,0,0,0,0,None,0,89,1,6381,VDS,0.01123595506
LSI,checkstyle-8.35,CHK-11,0,0,0,0,0,None,0,1775,1,6381,VDS,0.0005633802817
LSI,checkstyle-8.35,CHK-15,0,0,0,0,0,None,0,2879,1,6381,VDS,0.0003473428274
LSI,checkstyle-8.35,CHK-16,0,0,0,0,0,None,0,1080,1,6381,VDS,0.0009259259259
LSI,checkstyle-8.35,CHK-2,0,0,0,0,0,None,0,225,1,6381,VDS,0.004444444444
LSI,checkstyle-8.35,CHK-4,0,0,0,0,0,None,0,3550,1,6381,VDS,0.0002816901408
LSI,checkstyle-8.35,CHK-5,0,0,0,0,0,None,0,3288,1,6381,VDS,0.000304136253
LSI,checkstyle-8.35,CHK-6,0,0,0,0,0,None,0,455,1,6381,VDS,0.002197802198
LSI,checkstyle-8.35,CHK-7,0,0,0,0,0,None,0,4407,1,6381,VDS,0.0002269117313
LSI,checkstyle-8.35,CHK-12,0,0,0,0,0,None,0,59,1,6381,VDS,0.01694915254
LSI,checkstyle-8.35,CHK-13,0,0,0,0,0,None,0,959,1,6381,VDS,0.001042752868
LSI,checkstyle-8.35,CHK-14,0,0,0,0,0,None,0,632,1,6381,VDS,0.001582278481
LSI,checkstyle-8.35,CHK-3,0,0,0,0,0,N/A,N/A,,0,6381,VDS,0
LSI,checkstyle-8.35,CHK-18,0,0,0,0,0,None,0,1031,1,6381,VDS,0.0009699321048
LSI,checkstyle-8.35,CHK-19,0,0,0,0,0,None,0,246,1,6381,VDS,0.00406504065
LSI,jedit-5.6pre0,JED-1,0,0,0,0,0,None,0,64,1,11719,CDS,0.015625
LSI,jedit-5.6pre0,JED-2,0,0,0,0,0,None,0,1837,1,11719,CDS,0.0005443658138
LSI,jedit-5.6pre0,JED-3,0,1,1,1,1,None,0,5,1,11719,CDS,0.2
LSI,jedit-5.6pre0,JED-4,0,0,0,0,0,None,0,5458,1,11719,CDS,0.0001832172957
LSI,jedit-5.6pre0,JED-5,0,0,0,0,0,None,0,8178,1,11719,CDS,0.0001222792859
LSI,jedit-5.6pre0,JED-6,0,0,0,0,0,None,0,6410,1,11719,CDS,0.0001560062402
LSI,jedit-5.6pre0,JED-7,0,0,0,0,0,None,0,2251,1,11719,CDS,0.0004442470013
LSI,jedit-5.6pre0,JED-8,0,0,0,0,0,None,0,6367,1,11719,CDS,0.0001570598398
LSI,jedit-5.6pre0,JED-9,1,1,1,1,1,None,0,1,1,11719,CDS,1
LSI,jedit-5.6pre0,JED-10,0,0,0,0,0,None,0,1454,1,11719,CDS,0.0006877579092
LSI,jedit-5.6pre0,JED-11,0,0,0,0,0,None,0,1546,1,11719,CDS,0.0006468305304
LSI,jedit-5.6pre0,JED-12,0,0,0,0,0,None,0,6940,1,11719,CDS,0.000144092219
LSI,jedit-5.6pre0,JED-13,0,0,0,0,0,None,0,6240,1,11719,CDS,0.0001602564103
LSI,jedit-5.6pre0,JED-14,0,0,0,0,0,None,0,606,1,11719,CDS,0.001650165017
LSI,jedit-5.6pre0,JED-15,0,0,0,0,0,None,0,5405,1,11719,CDS,0.000185013876
LSI,jedit-5.6pre0,JED-16,0,0,0,0,0,None,0,9854,1,11719,CDS,0.0001014816318
LSI,jedit-5.6pre0,JED-17,0,0,0,0,0,None,0,8673,1,11719,CDS,0.0001153003574
LSI,jedit-5.6pre0,JED-18,0,0,0,0,0,None,0,11194,1,11719,CDS,8.933357156E-05
LSI,jedit-5.6pre0,JED-19,0,0,0,0,0,None,0,212,1,11719,CDS,0.004716981132
LSI,jedit-5.6pre0,JED-20,0,0,0,0,0,None,0,907,1,11719,CDS,0.001102535832
LSI,jedit-5.6pre0,JED-21,0,0,0,0,0,None,0,1547,1,11719,CDS,0.0006464124111
LSI,jedit-5.6pre0,JED-22,1,1,1,1,1,None,0,1,1,11719,CDS,1
LSI,jedit-5.6pre0,JED-23,0,0,0,0,0,N/A,N/A,,0,11719,CDS,0
LSI,jedit-5.6pre0,JED-24,1,1,1,1,1,None,0,1,1,11719,CDS,1
LSI,jedit-5.6pre0,JED-25,1,1,1,1,1,None,0,1,1,11719,CDS,1
LSI,jedit-5.6pre0,JED-26,0,0,0,0,0,None,0,450,1,11719,CDS,0.002222222222
LSI,jedit-5.6pre0,JED-27,0,0,0,0,0,None,0,11215,1,11719,CDS,8.916629514E-05
LSI,jedit-5.6pre0,JED-28,0,0,0,0,0,None,0,407,1,11719,CDS,0.002457002457
LSI,jabref-5.0,JAB-6,0,0,0,0,0,None,0,54,1,12805,VDS,0.01851851852
LSI,jabref-5.0,JAB-13,0,0,0,0,0,None,0,2657,1,12805,VDS,0.0003763643207
LSI,jabref-5.0,JAB-14,0,0,0,0,0,None,0,3681,1,12805,VDS,0.0002716653083
LSI,jabref-5.0,JAB-15,0,0,0,0,0,None,0,6609,1,12805,VDS,0.0001513088213
LSI,jabref-5.0,JAB-16,1,1,1,1,1,None,0,1,1,12805,VDS,1
LSI,jabref-5.0,JAB-9,0,0,0,0,0,None,0,1016,1,12805,VDS,0.0009842519685
LSI,jabref-5.0,JAB-10,0,0,0,0,0,None,0,2739,1,12805,VDS,0.0003650967506
LSI,jabref-5.0,JAB-11,0,0,0,0,0,None,0,6512,1,12805,VDS,0.0001535626536
LSI,jabref-5.0,JAB-1,0,0,0,0,0,None,0,2902,1,12805,VDS,0.000344589938
LSI,jabref-5.0,JAB-2,0,0,0,0,0,None,0,765,1,12805,VDS,0.001307189542
LSI,jabref-5.0,JAB-4,0,0,0,0,0,None,0,2597,1,12805,VDS,0.0003850596843
LSI,jabref-5.0,JAB-5,0,0,1,1,1,None,0,8,1,12805,VDS,0.125
LSI,jabref-5.0,JAB-8,0,0,0,0,0,None,0,5559,1,12805,VDS,0.0001798884691
LSI,jabref-5.0,JAB-18,0,0,0,0,0,None,0,264,1,12805,VDS,0.003787878788
LSI,jabref-5.0,JAB-20,0,0,0,0,0,None,0,68,1,12805,VDS,0.01470588235
LSI,jabref-5.0,JAB-21,1,1,1,1,1,None,0,1,1,12805,VDS,1
LSI,jabref-5.0,JAB-12,0,0,1,1,1,None,0,7,1,12805,VDS,0.1428571429
LSI,jabref-5.0,JAB-3,0,0,0,0,0,None,0,1431,1,12805,VDS,0.0006988120196
LSI,jabref-5.0,JAB-7,0,0,0,0,0,None,0,2937,1,12805,VDS,0.0003404834866
LSI,jabref-5.0,JAB-17,0,0,0,1,1,None,0,13,1,12805,VDS,0.07692307692
LSI,jabref-5.0,JAB-22,0,0,0,0,0,None,0,452,1,12805,VDS,0.002212389381
LSI,jabref-5.0,JAB-19,0,0,0,0,0,None,0,21,1,12805,VDS,0.04761904762
LSI,jabref-5.0,JAB-23,0,0,0,0,0,None,0,2846,1,12805,VDS,0.0003513703443
LSI,log4j-2.13.3,LOG-1,0,0,0,0,0,None,0,29,1,15952,VDS,0.03448275862
LSI,log4j-2.13.3,LOG-5,0,0,0,0,0,None,0,3494,1,15952,VDS,0.0002862049227
LSI,log4j-2.13.3,LOG-4,0,1,1,1,1,None,0,2,1,15952,VDS,0.5
LSI,log4j-2.13.3,LOG-6,0,0,0,0,0,None,0,3117,1,15952,VDS,0.0003208213025
LSI,log4j-2.13.3,LOG-8,0,0,0,0,0,None,0,5478,1,15952,VDS,0.0001825483753
LSI,log4j-2.13.3,LOG-9,0,0,0,0,0,None,0,401,1,15952,VDS,0.002493765586
LSI,log4j-2.13.3,LOG-12,0,0,0,0,0,None,0,5357,1,15952,VDS,0.0001866716446
LSI,log4j-2.13.3,LOG-13,0,0,0,0,0,None,0,4903,1,15952,VDS,0.0002039567612
LSI,log4j-2.13.3,LOG-14,0,0,0,0,0,None,0,5016,1,15952,VDS,0.0001993620415
LSI,log4j-2.13.3,LOG-15,0,0,0,0,0,None,0,1970,1,15952,VDS,0.0005076142132
LSI,log4j-2.13.3,LOG-16,0,0,0,0,0,None,0,495,1,15952,VDS,0.00202020202
LSI,log4j-2.13.3,LOG-17,0,0,0,0,0,None,0,11778,1,15952,VDS,8.490405841E-05
LSI,log4j-2.13.3,LOG-18,0,0,0,0,0,None,0,1548,1,15952,VDS,0.000645994832
LSI,log4j-2.13.3,LOG-2,0,0,0,0,0,None,0,2243,1,15952,VDS,0.0004458314757
LSI,log4j-2.13.3,LOG-3,0,0,0,0,0,None,0,50,1,15952,VDS,0.02
LSI,log4j-2.13.3,LOG-10,0,0,0,0,0,None,0,23,1,15952,VDS,0.04347826087
LSI,log4j-2.13.3,LOG-11,0,0,0,0,0,None,0,2636,1,15952,VDS,0.0003793626707
LSI,log4j-2.13.3,LOG-7,0,0,0,0,0,None,0,35,1,15952,VDS,0.02857142857
LSI,mybatis-3.5.5,MYB-2,0,0,0,0,0,None,0,242,1,3639,VDS,0.004132231405
LSI,mybatis-3.5.5,MYB-4,0,0,0,0,0,None,0,738,1,3639,VDS,0.00135501355
LSI,mybatis-3.5.5,MYB-6,0,0,0,0,0,None,0,608,1,3639,VDS,0.001644736842
LSI,mybatis-3.5.5,MYB-11,0,0,0,0,0,None,0,507,1,3639,VDS,0.001972386588
LSI,mybatis-3.5.5,MYB-9,0,0,0,0,0,None,0,507,1,3639,VDS,0.001972386588
LSI,mybatis-3.5.5,MYB-7,0,0,0,0,0,None,0,882,1,3639,VDS,0.001133786848
LSI,mybatis-3.5.5,MYB-3,0,0,0,0,0,None,0,141,1,3639,VDS,0.007092198582
LSI,mybatis-3.5.5,MYB-12,0,0,0,0,0,None,0,671,1,3639,VDS,0.001490312966
LSI,mybatis-3.5.5,MYB-13,0,0,0,0,0,None,0,450,1,3639,VDS,0.002222222222
LSI,mybatis-3.5.5,MYB-14,0,0,0,0,0,None,0,189,1,3639,VDS,0.005291005291
LSI,mybatis-3.5.5,MYB-1,0,0,0,0,0,None,0,64,1,3639,VDS,0.015625
LSI,mybatis-3.5.5,MYB-15,0,0,1,1,1,None,0,9,1,3639,VDS,0.1111111111
LSI,mybatis-3.5.5,MYB-5,0,0,0,0,0,None,0,59,1,3639,VDS,0.01694915254
LSI,mybatis-3.5.5,MYB-8,1,1,1,1,1,None,0,1,1,3639,VDS,1
LSI,mybatis-3.5.5,MYB-10,1,1,1,1,1,None,0,1,1,3639,VDS,1
LSI,joda_time-2.10.3,JTI-1,0,0,0,0,0,None,0,4255,1,5408,CDS,0.0002350176263
LSI,joda_time-2.10.3,JTI-2,0,1,1,1,1,None,0,3,1,5408,CDS,0.3333333333
LSI,joda_time-2.10.3,JTI-3,0,0,0,0,0,None,0,58,1,5408,CDS,0.01724137931
LSI,joda_time-2.10.3,JTI-4,0,0,0,0,0,None,0,3254,1,5408,CDS,0.000307314075
LSI,joda_time-2.10.3,JTI-5,0,0,0,0,0,None,0,4866,1,5408,CDS,0.0002055076038
LSI,joda_time-2.10.3,JTI-6,0,0,0,0,0,None,0,4855,1,5408,CDS,0.0002059732235
LSI,joda_time-2.10.3,JTI-7,0,0,0,0,0,None,0,3254,1,5408,CDS,0.000307314075
LSI,joda_time-2.10.3,JTI-8,0,0,0,0,0,None,0,4345,1,5408,CDS,0.0002301495972
LSI,joda_time-2.10.3,JTI-9,0,0,0,0,0,None,0,692,1,5408,CDS,0.001445086705
LSI,joda_time-2.10.3,JTI-10,1,1,1,1,1,None,0,1,1,5408,CDS,1
LSI,joda_time-2.10.3,JTI-11,0,0,0,0,0,None,0,4824,1,5408,CDS,0.0002072968491
LSI,joda_time-2.10.3,JTI-12,0,0,0,0,0,None,0,5395,1,5408,CDS,0.0001853568119
LSI,jpos-2.1.4,JPO-2,0,0,0,0,0,None,0,862,1,8291,VDS,0.001160092807
LSI,jpos-2.1.4,JPO-3,0,0,0,0,0,None,0,62,1,8291,VDS,0.01612903226
LSI,jpos-2.1.4,JPO-4,0,0,0,0,0,None,0,218,1,8291,VDS,0.004587155963
LSI,jpos-2.1.4,JPO-5,0,0,0,0,0,None,0,7570,1,8291,VDS,0.0001321003963
LSI,jpos-2.1.4,JPO-8,1,1,1,1,1,None,0,1,1,8291,VDS,1
LSI,jpos-2.1.4,JPO-18,0,0,0,0,0,None,0,21,1,8291,VDS,0.04761904762
LSI,jpos-2.1.4,JPO-6,0,1,1,1,1,None,0,2,1,8291,VDS,0.5
LSI,jpos-2.1.4,JPO-14,0,1,1,1,1,None,0,2,1,8291,VDS,0.5
LSI,jpos-2.1.4,JPO-17,0,0,0,0,0,None,0,34,1,8291,VDS,0.02941176471
LSI,jpos-2.1.4,JPO-1,0,0,0,0,0,None,0,159,1,8291,VDS,0.006289308176
LSI,jpos-2.1.4,JPO-9,0,1,1,1,1,None,0,2,1,8291,VDS,0.5
LSI,jpos-2.1.4,JPO-10,0,0,0,0,0,None,0,21,1,8291,VDS,0.04761904762
LSI,jpos-2.1.4,JPO-11,0,0,1,1,1,None,0,10,1,8291,VDS,0.1
LSI,jpos-2.1.4,JPO-12,0,0,0,0,0,None,0,167,1,8291,VDS,0.005988023952
LSI,jpos-2.1.4,JPO-19,0,1,1,1,1,None,0,4,1,8291,VDS,0.25
LSI,jpos-2.1.4,JPO-20,0,0,0,0,0,None,0,71,1,8291,VDS,0.01408450704
LSI,jpos-2.1.4,JPO-7,1,1,1,1,1,None,0,1,1,8291,VDS,1
LSI,jpos-2.1.4,JPO-13,1,1,1,1,1,None,0,1,1,8291,VDS,1
LSI,jpos-2.1.4,JPO-15,0,0,1,1,1,None,0,8,1,8291,VDS,0.125
LSI,jpos-2.1.4,JPO-16,0,0,0,0,0,None,0,98,1,8291,VDS,0.01020408163
LSI,apache-httpcomponents-4.5.9,HCO-1,0,0,0,0,0,None,0,4092,1,10327,CDS,0.0002443792766
LSI,apache-httpcomponents-4.5.9,HCO-2,0,0,0,0,0,None,0,219,1,10327,CDS,0.004566210046
LSI,apache-httpcomponents-4.5.9,HCO-3,0,0,0,0,0,None,0,1646,1,10327,CDS,0.0006075334143
LSI,apache-httpcomponents-4.5.9,HCO-4,0,0,0,0,0,None,0,129,1,10327,CDS,0.007751937984
LSI,apache-httpcomponents-4.5.9,HCO-5,0,0,0,0,0,None,0,6176,1,10327,CDS,0.0001619170984
LSI,apache-httpcomponents-4.5.9,HCO-6,0,0,0,0,0,None,0,235,1,10327,CDS,0.004255319149
LSI,apache-httpcomponents-4.5.9,HCO-7,0,0,0,0,0,None,0,7131,1,10327,CDS,0.0001402327864
LSI,apache-httpcomponents-4.5.9,HCO-8,0,0,0,0,0,None,0,1020,1,10327,CDS,0.0009803921569
LSI,apache-httpcomponents-4.5.9,HCO-9,0,0,0,0,0,None,0,6190,1,10327,CDS,0.0001615508885
LSI,apache-httpcomponents-4.5.9,HCO-10,0,0,0,0,0,None,0,616,1,10327,CDS,0.001623376623
LSI,apache-httpcomponents-4.5.9,HCO-11,0,0,0,0,0,None,0,152,1,10327,CDS,0.006578947368
LSI,apache-httpcomponents-4.5.9,HCO-12,0,0,0,0,0,None,0,1225,1,10327,CDS,0.0008163265306
LSI,apache-httpcomponents-4.5.9,HCO-13,0,0,0,0,0,None,0,1003,1,10327,CDS,0.0009970089731
LSI,apache-httpcomponents-4.5.9,HCO-14,0,0,0,0,0,None,0,343,1,10327,CDS,0.002915451895
LSI,apache-httpcomponents-4.5.9,HCO-15,0,0,0,0,0,N/A,N/A,,0,0,CDS,0
LSI,apache-httpcomponents-4.5.9,HCO-16,0,0,0,0,0,None,0,345,1,10327,CDS,0.002898550725
LSI,apache-httpcomponents-4.5.9,HCO-17,0,0,0,0,0,None,0,417,1,10327,CDS,0.002398081535
LSI,apache-httpcomponents-4.5.9,HCO-18,0,0,0,0,0,None,0,456,1,10327,CDS,0.002192982456
LSI,apache-httpcomponents-4.5.9,HCO-19,0,0,0,0,0,None,0,530,1,10327,CDS,0.001886792453
LSI,apache-httpcomponents-4.5.9,HCO-20,0,0,0,0,0,None,0,9288,1,10327,CDS,0.0001076658053
LSI,argouml-0.35.4,UML-1,0,0,0,0,0,None,0,208,1,20572,CDS,0.004807692308
LSI,argouml-0.35.4,UML-2,0,0,0,0,0,None,0,35,1,20572,CDS,0.02857142857
LSI,argouml-0.35.4,UML-3,0,0,0,0,0,None,0,15043,1,20572,CDS,6.647610184E-05
LSI,argouml-0.35.4,UML-4,0,0,0,0,0,None,0,12914,1,20572,CDS,7.743534149E-05
LSI,argouml-0.35.4,UML-5,0,0,0,0,0,None,0,17496,1,20572,CDS,5.715592135E-05
LSI,argouml-0.35.4,UML-6,0,0,0,0,0,None,0,4177,1,20572,CDS,0.0002394062724
LSI,argouml-0.35.4,UML-7,0,0,0,0,0,None,0,12071,1,20572,CDS,8.284317786E-05
LSI,argouml-0.35.4,UML-8,0,0,0,0,0,None,0,436,1,20572,CDS,0.002293577982
LSI,argouml-0.35.4,UML-9,0,0,0,0,0,None,0,733,1,20572,CDS,0.00136425648
LSI,argouml-0.35.4,UML-10,0,0,0,0,0,None,0,517,1,20572,CDS,0.001934235977
LSI,argouml-0.35.4,UML-11,0,0,0,0,0,None,0,3355,1,20572,CDS,0.0002980625931
LSI,argouml-0.35.4,UML-12,0,0,0,0,0,None,0,239,1,20572,CDS,0.004184100418
LSI,argouml-0.35.4,UML-13,0,0,0,0,0,None,0,2414,1,20572,CDS,0.0004142502071
LSI,argouml-0.35.4,UML-14,0,0,0,0,0,None,0,484,1,20572,CDS,0.002066115702
LSI,argouml-0.35.4,UML-15,0,0,0,0,0,None,0,8762,1,20572,CDS,0.0001141291942
LSI,argouml-0.35.4,UML-16,0,0,0,0,0,None,0,11641,1,20572,CDS,8.590327291E-05
LSI,argouml-0.35.4,UML-17,0,0,0,0,0,None,0,2994,1,20572,CDS,0.000334001336
LSI,argouml-0.35.4,UML-18,0,0,1,1,1,None,0,6,1,20572,CDS,0.1666666667
LSI,argouml-0.35.4,UML-19,0,0,0,0,0,None,0,55,1,20572,CDS,0.01818181818
LSI,argouml-0.35.4,UML-20,0,0,0,0,0,None,0,52,1,20572,CDS,0.01923076923
LSI,argouml-0.35.4,UML-21,0,0,0,0,0,None,0,53,1,20572,CDS,0.01886792453
LSI,argouml-0.35.4,UML-22,0,0,0,0,0,None,0,55,1,20572,CDS,0.01818181818
LSI,apache-ant-1.10.6,ANT-1,0,0,0,0,0,None,0,7667,1,17361,CDS,0.0001304291118
LSI,apache-ant-1.10.6,ANT-2,0,0,0,0,0,None,0,158,1,17361,CDS,0.006329113924
LSI,apache-ant-1.10.6,ANT-3,0,0,0,0,0,None,0,10905,1,17361,CDS,9.170105456E-05
LSI,apache-ant-1.10.6,ANT-4,0,0,0,0,0,None,0,8127,1,17361,CDS,0.0001230466347
LSI,apache-ant-1.10.6,ANT-5,0,0,0,0,0,None,0,3825,1,17361,CDS,0.0002614379085
LSI,apache-ant-1.10.6,ANT-6,0,0,0,0,0,None,0,2590,1,17361,CDS,0.0003861003861
LSI,apache-ant-1.10.6,ANT-7,0,0,0,0,0,None,0,74,1,17361,CDS,0.01351351351
LSI,apache-ant-1.10.6,ANT-8,0,1,1,1,1,None,0,2,1,17361,CDS,0.5
LSI,apache-ant-1.10.6,ANT-9,0,0,0,0,0,None,0,13879,1,17361,CDS,7.205130053E-05
LSI,apache-ant-1.10.6,ANT-10,0,0,0,0,0,None,0,4897,1,17361,CDS,0.0002042066571
LSI,apache-ant-1.10.6,ANT-11,0,0,0,0,0,None,0,349,1,17361,CDS,0.002865329513
LSI,apache-ant-1.10.6,ANT-12,0,0,0,0,0,None,0,3649,1,17361,CDS,0.0002740476843
LSI,apache-ant-1.10.6,ANT-13,0,0,0,0,0,None,0,3035,1,17361,CDS,0.0003294892916
LSI,apache-ant-1.10.6,ANT-14,0,0,0,0,0,None,0,281,1,17361,CDS,0.003558718861
LSI,apache-ant-1.10.6,ANT-15,0,0,0,0,0,None,0,1722,1,17361,CDS,0.0005807200929
LSI,apache-ant-1.10.6,ANT-16,0,0,0,0,0,None,0,5756,1,17361,CDS,0.0001737317582
LSI,apache-ant-1.10.6,ANT-17,0,0,0,0,0,None,0,9155,1,17361,CDS,0.000109229929
LSI,apache-ant-1.10.6,ANT-18,0,0,0,0,0,None,0,5990,1,17361,CDS,0.0001669449082
LSI,apache-ant-1.10.6,ANT-19,0,0,0,0,0,None,0,14553,1,17361,CDS,6.871435443E-05
LSI,apache-ant-1.10.6,ANT-20,0,0,0,0,0,None,0,10290,1,17361,CDS,9.718172983E-05
LSI,apache-ant-1.10.6,ANT-21,0,0,0,0,0,None,0,16109,1,17361,CDS,6.207709976E-05
LSI,apache-ant-1.10.6,ANT-22,0,0,0,0,0,None,0,9336,1,17361,CDS,0.0001071122536
LSI,apache-ant-1.10.6,ANT-23,0,0,0,0,0,None,0,14646,1,17361,CDS,6.827802813E-05
LSI,apache-ant-1.10.6,ANT-24,0,0,0,0,0,None,0,5014,1,17361,CDS,0.0001994415636
LSI,apache-ant-1.10.6,ANT-25,0,0,0,0,0,None,0,449,1,17361,CDS,0.002227171492
LSI,apache-ant-1.10.6,ANT-26,0,0,0,0,0,None,0,9763,1,17361,CDS,0.0001024275325
LSI,apache-ant-1.10.6,ANT-27,0,0,0,0,0,None,0,21,1,17361,CDS,0.04761904762
LSI,skywalking-8.0.1,SKY-2,0,0,0,0,0,None,0,667,1,10825,VDS,0.001499250375
LSI,skywalking-8.0.1,SKY-14,0,0,0,0,0,None,0,194,1,10825,VDS,0.005154639175
LSI,skywalking-8.0.1,SKY-17,0,0,0,0,0,None,0,177,1,10825,VDS,0.005649717514
LSI,skywalking-8.0.1,SKY-22,0,0,0,0,0,None,0,540,1,10825,VDS,0.001851851852
LSI,skywalking-8.0.1,SKY-25,0,1,1,1,1,None,0,2,1,10825,VDS,0.5
LSI,skywalking-8.0.1,SKY-26,0,0,0,0,0,None,0,371,1,10825,VDS,0.00269541779
LSI,skywalking-8.0.1,SKY-3,0,0,0,0,0,None,0,5855,1,10825,VDS,0.000170794193
LSI,skywalking-8.0.1,SKY-20,0,1,1,1,1,None,0,4,1,10825,VDS,0.25
LSI,skywalking-8.0.1,SKY-1,0,0,0,0,0,None,0,22,1,10825,VDS,0.04545454545
LSI,skywalking-8.0.1,SKY-4,0,0,0,0,0,None,0,144,1,10825,VDS,0.006944444444
LSI,skywalking-8.0.1,SKY-5,0,0,0,1,1,None,0,12,1,10825,VDS,0.08333333333
LSI,skywalking-8.0.1,SKY-7,1,1,1,1,1,None,0,1,1,10825,VDS,1
LSI,skywalking-8.0.1,SKY-8,1,1,1,1,1,None,0,1,1,10825,VDS,1
LSI,skywalking-8.0.1,SKY-9,0,0,0,0,0,None,0,111,1,10825,VDS,0.009009009009
LSI,skywalking-8.0.1,SKY-10,0,1,1,1,1,None,0,4,1,10825,VDS,0.25
LSI,skywalking-8.0.1,SKY-11,0,0,0,0,0,None,0,36,1,10825,VDS,0.02777777778
LSI,skywalking-8.0.1,SKY-12,0,0,0,0,0,None,0,1316,1,10825,VDS,0.0007598784195
LSI,skywalking-8.0.1,SKY-13,1,1,1,1,1,None,0,1,1,10825,VDS,1
LSI,skywalking-8.0.1,SKY-15,0,0,1,1,1,None,0,8,1,10825,VDS,0.125
LSI,skywalking-8.0.1,SKY-16,0,0,1,1,1,None,0,6,1,10825,VDS,0.1666666667
LSI,skywalking-8.0.1,SKY-18,1,1,1,1,1,None,0,1,1,10825,VDS,1
LSI,skywalking-8.0.1,SKY-19,0,1,1,1,1,None,0,2,1,10825,VDS,0.5
LSI,skywalking-8.0.1,SKY-21,0,0,0,0,0,None,0,202,1,10825,VDS,0.00495049505
LSI,skywalking-8.0.1,SKY-24,1,1,1,1,1,None,0,1,1,10825,VDS,1
LSI,skywalking-8.0.1,SKY-27,1,1,1,1,1,None,0,1,1,10825,VDS,1
LSI,skywalking-8.0.1,SKY-23,0,0,0,0,0,None,0,67,1,10825,VDS,0.01492537313
LSI,skywalking-8.0.1,SKY-6,0,0,0,0,0,None,0,1791,1,10825,VDS,0.000558347292
LSI,swarm-2.8.11,SWA-1,0,0,0,0,0,None,0,1391,1,9053,CDS,0.000718907261
LSI,swarm-2.8.11,SWA-2,0,0,0,0,0,None,0,2710,1,9053,CDS,0.00036900369
LSI,swarm-2.8.11,SWA-3,0,0,0,0,0,None,0,247,1,9053,CDS,0.004048582996
LSI,swarm-2.8.11,SWA-4,0,0,0,0,0,None,0,1975,1,9053,CDS,0.0005063291139
LSI,swarm-2.8.11,SWA-5,0,0,0,0,0,None,0,8112,1,9053,CDS,0.0001232741617
LSI,swarm-2.8.11,SWA-6,0,0,0,0,0,None,0,4034,1,9053,CDS,0.0002478929103
LSI,swarm-2.8.11,SWA-7,0,0,1,1,1,None,0,7,1,9053,CDS,0.1428571429
LSI,swarm-2.8.11,SWA-8,0,0,0,0,0,None,0,8480,1,9053,CDS,0.0001179245283
LSI,swarm-2.8.11,SWA-9,0,0,0,0,0,None,0,338,1,9053,CDS,0.002958579882
LSI,swarm-2.8.11,SWA-10,0,0,0,0,0,None,0,555,1,9053,CDS,0.001801801802
LSI,swarm-2.8.11,SWA-11,0,0,1,1,1,None,0,7,1,9053,CDS,0.1428571429
LSI,swarm-2.8.11,SWA-12,0,0,0,0,0,None,0,1881,1,9053,CDS,0.0005316321106
LSI,swarm-2.8.11,SWA-13,0,0,0,0,0,None,0,3684,1,9053,CDS,0.0002714440825
LSI,swarm-2.8.11,SWA-14,0,0,0,0,0,None,0,1777,1,9053,CDS,0.0005627462015
LSI,swarm-2.8.11,SWA-15,0,0,0,0,0,None,0,4357,1,9053,CDS,0.0002295157218
LSI,swarm-2.8.11,SWA-16,1,1,1,1,1,None,0,1,1,9053,CDS,1
LSI,swarm-2.8.11,SWA-17,0,0,0,0,0,None,0,8560,1,9053,CDS,0.0001168224299
LSI,swarm-2.8.11,SWA-18,0,0,1,1,1,None,0,6,1,9053,CDS,0.1666666667
LSI,swarm-2.8.11,SWA-19,0,1,1,1,1,None,0,3,1,9053,CDS,0.3333333333
LSI,swarm-2.8.11,SWA-20,0,0,0,0,0,None,0,1051,1,9053,CDS,0.0009514747859
LSI,swarm-2.8.11,SWA-21,0,0,0,0,0,None,0,2210,1,9053,CDS,0.0004524886878
LSI,swarm-2.8.11,SWA-22,0,0,0,0,0,None,0,2006,1,9053,CDS,0.0004985044865
LSI,swarm-2.8.11,SWA-23,0,0,0,0,0,None,0,6441,1,9053,CDS,0.0001552553951
LSI,swarm-2.8.11,SWA-24,0,0,0,1,1,None,0,15,1,9053,CDS,0.06666666667
LSI,swarm-2.8.11,SWA-25,0,0,0,0,0,None,0,1700,1,9053,CDS,0.0005882352941
LSI,rhino-1.6R5,RHI-1,0,1,1,1,1,None,0,3,1,4241,CDS,0.3333333333
LSI,rhino-1.6R5,RHI-2,0,0,0,0,0,None,0,1624,1,4241,CDS,0.0006157635468
LSI,rhino-1.6R5,RHI-3,1,1,1,1,1,None,0,1,1,4241,CDS,1
LSI,rhino-1.6R5,RHI-4,0,0,1,1,1,None,0,8,1,4241,CDS,0.125
LSI,rhino-1.6R5,RHI-5,0,0,0,0,0,None,0,2011,1,4241,CDS,0.0004972650423
LSI,rhino-1.6R5,RHI-6,0,0,0,0,0,None,0,1378,1,4241,CDS,0.0007256894049
LSI,rhino-1.6R5,RHI-7,0,0,0,0,0,None,0,315,1,4241,CDS,0.003174603175
LSI,rhino-1.6R5,RHI-8,0,0,0,0,0,None,0,3212,1,4241,CDS,0.0003113325031
LSI,rhino-1.6R5,RHI-9,0,0,0,0,0,None,0,3212,1,4241,CDS,0.0003113325031
LSI,rhino-1.6R5,RHI-10,0,0,0,0,0,None,0,1660,1,4241,CDS,0.0006024096386
LSI,rhino-1.6R5,RHI-11,0,0,0,0,0,None,0,312,1,4241,CDS,0.003205128205
LSI,rhino-1.6R5,RHI-12,0,0,0,0,0,None,0,537,1,4241,CDS,0.001862197393
LSI,rhino-1.6R5,RHI-13,0,0,0,0,0,None,0,84,1,4241,CDS,0.0119047619
LSI,rhino-1.6R5,RHI-14,0,0,0,0,0,None,0,820,1,4241,CDS,0.001219512195
LSI,rhino-1.6R5,RHI-15,0,0,0,0,0,None,0,377,1,4241,CDS,0.002652519894
LSI,rhino-1.6R5,RHI-16,1,1,1,1,1,None,0,1,1,4241,CDS,1
LSI,rhino-1.6R5,RHI-17,0,1,1,1,1,None,0,2,1,4241,CDS,0.5
LSI,rhino-1.6R5,RHI-18,0,0,0,0,0,None,0,3360,1,4241,CDS,0.0002976190476
LSI,rhino-1.6R5,RHI-19,0,0,0,0,0,None,0,2556,1,4241,CDS,0.0003912363067
LSI,rhino-1.6R5,RHI-20,0,0,0,0,0,None,0,2166,1,4241,CDS,0.0004616805171
LSI,rhino-1.6R5,RHI-21,0,1,1,1,1,None,0,2,1,4241,CDS,0.5
LSI,shardingsphere-5.0.0-rc1,SHS-2,0,0,0,0,0,None,0,183,1,9599,VDS,0.005464480874
LSI,shardingsphere-5.0.0-rc1,SHS-3,0,0,0,0,0,None,0,33,1,9599,VDS,0.0303030303
LSI,shardingsphere-5.0.0-rc1,SHS-4,1,1,1,1,1,None,0,1,1,9599,VDS,1
LSI,shardingsphere-5.0.0-rc1,SHS-5,1,1,1,1,1,None,0,1,1,9599,VDS,1
LSI,shardingsphere-5.0.0-rc1,SHS-6,0,1,1,1,1,None,0,4,1,9599,VDS,0.25
LSI,shardingsphere-5.0.0-rc1,SHS-10,0,0,0,1,1,None,0,12,1,9599,VDS,0.08333333333
LSI,shardingsphere-5.0.0-rc1,SHS-11,0,1,1,1,1,None,0,2,1,9599,VDS,0.5
LSI,shardingsphere-5.0.0-rc1,SHS-12,0,1,1,1,1,None,0,2,1,9599,VDS,0.5
LSI,shardingsphere-5.0.0-rc1,SHS-9,0,0,0,1,1,None,0,11,1,9599,VDS,0.09090909091
LSI,shardingsphere-5.0.0-rc1,SHS-7,0,0,0,0,0,None,0,43,1,9599,VDS,0.02325581395
LSI,shardingsphere-5.0.0-rc1,SHS-1,0,1,1,1,1,None,0,3,1,9599,VDS,0.3333333333
LSI,shardingsphere-5.0.0-rc1,SHS-8,1,1,1,1,1,None,0,1,1,9599,VDS,1
LSI,shardingsphere-5.0.0-rc1,SHS-13,0,0,1,1,1,None,0,10,1,9599,VDS,0.1
LSI,shardingsphere-5.0.0-rc1,SHS-14,1,1,1,1,1,None,0,1,1,9599,VDS,1
Lucene,guava-28.0,GUA-1,0,0,0,0,0,None,0,120,1,7795,CDS,0.008333333333
Lucene,guava-28.0,GUA-2,1,1,1,1,1,None,0,1,1,3881,CDS,1
Lucene,guava-28.0,GUA-3,0,0,0,0,0,None,0,79,1,7756,CDS,0.01265822785
Lucene,guava-28.0,GUA-4,0,1,1,1,1,None,0,2,1,10505,CDS,0.5
Lucene,guava-28.0,GUA-5,0,1,1,1,1,None,0,2,1,10027,CDS,0.5
Lucene,guava-28.0,GUA-6,1,1,1,1,1,None,0,1,1,8888,CDS,1
Lucene,guava-28.0,GUA-7,0,1,1,1,1,None,0,4,1,6717,CDS,0.25
Lucene,guava-28.0,GUA-8,1,1,1,1,1,None,0,1,1,5785,CDS,1
Lucene,jpos-2.1.4,JPO-2,0,0,0,1,1,None,0,12,1,2986,VDS,0.08333333333
Lucene,jpos-2.1.4,JPO-3,1,1,1,1,1,None,0,1,1,4257,VDS,1
Lucene,jpos-2.1.4,JPO-4,0,1,1,1,1,None,0,3,1,4088,VDS,0.3333333333
Lucene,jpos-2.1.4,JPO-5,0,0,0,0,0,N/A,N/A,,0,2878,VDS,0
Lucene,jpos-2.1.4,JPO-8,1,1,1,1,1,None,0,1,1,3610,VDS,1
Lucene,jpos-2.1.4,JPO-18,1,1,1,1,1,None,0,1,1,2350,VDS,1
Lucene,jpos-2.1.4,JPO-6,0,1,1,1,1,None,0,3,1,1856,VDS,0.3333333333
Lucene,jpos-2.1.4,JPO-14,1,1,1,1,1,None,0,1,1,1691,VDS,1
Lucene,jpos-2.1.4,JPO-17,0,0,0,0,1,None,0,17,1,944,VDS,0.05882352941
Lucene,jpos-2.1.4,JPO-1,0,0,0,0,0,None,0,157,1,1540,VDS,0.006369426752
Lucene,jpos-2.1.4,JPO-9,1,1,1,1,1,None,0,1,1,1417,VDS,1
Lucene,jpos-2.1.4,JPO-10,0,0,0,0,0,None,0,186,1,1251,VDS,0.005376344086
Lucene,jpos-2.1.4,JPO-11,1,1,1,1,1,None,0,1,1,2325,VDS,1
Lucene,jpos-2.1.4,JPO-12,0,0,0,0,0,None,0,1152,1,1777,VDS,0.0008680555556
Lucene,jpos-2.1.4,JPO-19,1,1,1,1,1,None,0,1,1,2878,VDS,1
Lucene,jpos-2.1.4,JPO-20,0,0,0,0,0,None,0,258,1,4088,VDS,0.003875968992
Lucene,jpos-2.1.4,JPO-7,1,1,1,1,1,None,0,1,1,1871,VDS,1
Lucene,jpos-2.1.4,JPO-13,0,1,1,1,1,None,0,4,1,1859,VDS,0.25
Lucene,jpos-2.1.4,JPO-15,0,0,1,1,1,None,0,7,1,1716,VDS,0.1428571429
Lucene,jpos-2.1.4,JPO-16,0,0,0,0,0,None,0,36,1,1824,VDS,0.02777777778
Lucene,joda_time-2.10.3,JTI-1,0,0,0,0,0,None,0,3253,1,3890,CDS,0.000307408546
Lucene,joda_time-2.10.3,JTI-2,1,1,1,1,1,None,0,1,1,3362,CDS,1
Lucene,joda_time-2.10.3,JTI-3,0,0,0,0,0,None,0,314,1,3122,CDS,0.003184713376
Lucene,joda_time-2.10.3,JTI-4,0,0,0,0,0,None,0,2412,1,2939,CDS,0.0004145936982
Lucene,joda_time-2.10.3,JTI-5,0,1,1,1,1,None,0,5,1,3122,CDS,0.2
Lucene,joda_time-2.10.3,JTI-6,0,0,1,1,1,None,0,6,1,3122,CDS,0.1666666667
Lucene,joda_time-2.10.3,JTI-7,0,0,0,0,0,None,0,2412,1,2939,CDS,0.0004145936982
Lucene,joda_time-2.10.3,JTI-8,0,0,1,1,1,None,0,6,1,2355,CDS,0.1666666667
Lucene,joda_time-2.10.3,JTI-9,0,0,1,1,1,None,0,6,1,1142,CDS,0.1666666667
Lucene,joda_time-2.10.3,JTI-10,1,1,1,1,1,None,0,1,1,2641,CDS,1
Lucene,joda_time-2.10.3,JTI-11,0,0,0,0,0,None,0,142,1,808,CDS,0.007042253521
Lucene,joda_time-2.10.3,JTI-12,0,0,0,0,0,None,0,1797,1,2932,CDS,0.0005564830273
Lucene,mybatis-3.5.5,MYB-2,0,0,0,0,0,None,0,21,1,493,VDS,0.04761904762
Lucene,mybatis-3.5.5,MYB-4,0,0,0,0,0,None,0,36,1,786,VDS,0.02777777778
Lucene,mybatis-3.5.5,MYB-6,0,0,0,1,1,None,0,13,1,934,VDS,0.07692307692
Lucene,mybatis-3.5.5,MYB-11,0,0,0,0,0,None,0,247,1,1080,VDS,0.004048582996
Lucene,mybatis-3.5.5,MYB-9,0,0,0,0,0,None,0,283,1,1581,VDS,0.003533568905
Lucene,mybatis-3.5.5,MYB-7,0,0,0,0,1,None,0,16,1,1034,VDS,0.0625
Lucene,mybatis-3.5.5,MYB-3,0,0,0,0,0,None,0,71,1,1117,VDS,0.01408450704
Lucene,mybatis-3.5.5,MYB-12,0,0,0,0,0,None,0,430,1,2393,VDS,0.002325581395
Lucene,mybatis-3.5.5,MYB-13,0,1,1,1,1,None,0,5,1,1449,VDS,0.2
Lucene,mybatis-3.5.5,MYB-14,0,0,0,0,0,None,0,49,1,2136,VDS,0.02040816327
Lucene,mybatis-3.5.5,MYB-1,0,1,1,1,1,None,0,4,1,1935,VDS,0.25
Lucene,mybatis-3.5.5,MYB-15,0,0,1,1,1,None,0,6,1,1902,VDS,0.1666666667
Lucene,mybatis-3.5.5,MYB-5,0,1,1,1,1,None,0,2,1,1273,VDS,0.5
Lucene,mybatis-3.5.5,MYB-8,0,0,0,0,0,None,0,303,1,544,VDS,0.003300330033
Lucene,mybatis-3.5.5,MYB-10,0,0,1,1,1,None,0,7,1,1261,VDS,0.1428571429
Lucene,skywalking-8.0.1,SKY-2,0,1,1,1,1,None,0,4,1,5893,VDS,0.25
Lucene,skywalking-8.0.1,SKY-14,0,1,1,1,1,None,0,2,1,3112,VDS,0.5
Lucene,skywalking-8.0.1,SKY-17,0,0,0,1,1,None,0,12,1,4618,VDS,0.08333333333
Lucene,skywalking-8.0.1,SKY-22,0,1,1,1,1,None,0,4,1,3303,VDS,0.25
Lucene,skywalking-8.0.1,SKY-25,0,1,1,1,1,None,0,2,1,5374,VDS,0.5
Lucene,skywalking-8.0.1,SKY-26,0,0,0,0,0,None,0,115,1,3131,VDS,0.008695652174
Lucene,skywalking-8.0.1,SKY-3,0,0,0,0,0,None,0,263,1,6193,VDS,0.003802281369
Lucene,skywalking-8.0.1,SKY-20,0,0,0,0,0,None,0,40,1,2959,VDS,0.025
Lucene,skywalking-8.0.1,SKY-1,1,1,1,1,1,None,0,1,1,5444,VDS,1
Lucene,skywalking-8.0.1,SKY-4,1,1,1,1,1,None,0,1,1,4665,VDS,1
Lucene,skywalking-8.0.1,SKY-5,0,1,1,1,1,None,0,2,1,4980,VDS,0.5
Lucene,skywalking-8.0.1,SKY-7,1,1,1,1,1,None,0,1,1,4882,VDS,1
Lucene,skywalking-8.0.1,SKY-8,0,1,1,1,1,None,0,3,1,4466,VDS,0.3333333333
Lucene,skywalking-8.0.1,SKY-9,1,1,1,1,1,None,0,1,1,5528,VDS,1
Lucene,skywalking-8.0.1,SKY-10,1,1,1,1,1,None,0,1,1,6252,VDS,1
Lucene,skywalking-8.0.1,SKY-11,1,1,1,1,1,None,0,1,1,2821,VDS,1
Lucene,skywalking-8.0.1,SKY-12,1,1,1,1,1,None,0,1,1,2163,VDS,1
Lucene,skywalking-8.0.1,SKY-13,0,1,1,1,1,None,0,4,1,3266,VDS,0.25
Lucene,skywalking-8.0.1,SKY-15,0,1,1,1,1,None,0,3,1,3597,VDS,0.3333333333
Lucene,skywalking-8.0.1,SKY-16,1,1,1,1,1,None,0,1,1,4024,VDS,1
Lucene,skywalking-8.0.1,SKY-18,0,0,1,1,1,None,0,10,1,3311,VDS,0.1
Lucene,skywalking-8.0.1,SKY-19,0,0,1,1,1,None,0,7,1,3314,VDS,0.1428571429
Lucene,skywalking-8.0.1,SKY-21,1,1,1,1,1,None,0,1,1,3739,VDS,1
Lucene,skywalking-8.0.1,SKY-24,1,1,1,1,1,None,0,1,1,4353,VDS,1
Lucene,skywalking-8.0.1,SKY-27,1,1,1,1,1,None,0,1,1,3480,VDS,1
Lucene,skywalking-8.0.1,SKY-23,0,1,1,1,1,None,0,2,1,3410,VDS,0.5
Lucene,skywalking-8.0.1,SKY-6,0,1,1,1,1,None,0,2,1,4155,VDS,0.5
Lucene,checkstyle-8.35,CHK-17,0,0,0,1,1,None,0,11,1,2247,VDS,0.09090909091
Lucene,checkstyle-8.35,CHK-1,0,0,0,0,0,None,0,117,1,3617,VDS,0.008547008547
Lucene,checkstyle-8.35,CHK-8,0,1,1,1,1,None,0,5,1,1967,VDS,0.2
Lucene,checkstyle-8.35,CHK-9,0,1,1,1,1,None,0,2,1,3486,VDS,0.5
Lucene,checkstyle-8.35,CHK-10,0,0,1,1,1,None,0,10,1,4613,VDS,0.1
Lucene,checkstyle-8.35,CHK-11,0,0,1,1,1,None,0,9,1,2907,VDS,0.1111111111
Lucene,checkstyle-8.35,CHK-15,0,0,0,0,1,None,0,18,1,4412,VDS,0.05555555556
Lucene,checkstyle-8.35,CHK-16,1,1,1,1,1,None,0,1,1,2045,VDS,1
Lucene,checkstyle-8.35,CHK-2,0,0,1,1,1,None,0,8,1,4031,VDS,0.125
Lucene,checkstyle-8.35,CHK-4,0,0,0,0,0,None,0,76,1,2767,VDS,0.01315789474
Lucene,checkstyle-8.35,CHK-5,0,1,1,1,1,None,0,3,1,2429,VDS,0.3333333333
Lucene,checkstyle-8.35,CHK-6,0,1,1,1,1,None,0,5,1,3407,VDS,0.2
Lucene,checkstyle-8.35,CHK-7,1,1,1,1,1,None,0,1,1,4188,VDS,1
Lucene,checkstyle-8.35,CHK-12,0,0,0,0,0,None,0,44,1,3208,VDS,0.02272727273
Lucene,checkstyle-8.35,CHK-13,0,1,1,1,1,None,0,5,1,3681,VDS,0.2
Lucene,checkstyle-8.35,CHK-14,0,1,1,1,1,None,0,4,1,3726,VDS,0.25
Lucene,checkstyle-8.35,CHK-3,0,0,0,0,0,N/A,N/A,,0,3594,VDS,0
Lucene,checkstyle-8.35,CHK-18,1,1,1,1,1,None,0,1,1,2415,VDS,1
Lucene,checkstyle-8.35,CHK-19,0,1,1,1,1,None,0,2,1,5187,VDS,0.5
Lucene,log4j-2.13.3,LOG-1,0,0,1,1,1,None,0,10,1,4081,VDS,0.1
Lucene,log4j-2.13.3,LOG-5,1,1,1,1,1,None,0,1,1,6636,VDS,1
Lucene,log4j-2.13.3,LOG-4,0,0,0,0,0,None,0,649,1,5805,VDS,0.001540832049
Lucene,log4j-2.13.3,LOG-6,0,1,1,1,1,None,0,4,1,9391,VDS,0.25
Lucene,log4j-2.13.3,LOG-8,0,0,0,0,0,None,0,76,1,7464,VDS,0.01315789474
Lucene,log4j-2.13.3,LOG-9,0,0,1,1,1,None,0,7,1,5633,VDS,0.1428571429
Lucene,log4j-2.13.3,LOG-12,0,0,0,1,1,None,0,11,1,7726,VDS,0.09090909091
Lucene,log4j-2.13.3,LOG-13,0,1,1,1,1,None,0,5,1,7051,VDS,0.2
Lucene,log4j-2.13.3,LOG-14,0,0,0,0,0,None,0,57,1,6982,VDS,0.01754385965
Lucene,log4j-2.13.3,LOG-15,0,0,0,0,0,None,0,52,1,9233,VDS,0.01923076923
Lucene,log4j-2.13.3,LOG-16,0,1,1,1,1,None,0,4,1,5467,VDS,0.25
Lucene,log4j-2.13.3,LOG-17,0,0,0,0,0,None,0,96,1,6340,VDS,0.01041666667
Lucene,log4j-2.13.3,LOG-18,0,0,1,1,1,None,0,8,1,6973,VDS,0.125
Lucene,log4j-2.13.3,LOG-2,0,0,1,1,1,None,0,6,1,10433,VDS,0.1666666667
Lucene,log4j-2.13.3,LOG-3,0,0,0,0,0,None,0,32,1,5510,VDS,0.03125
Lucene,log4j-2.13.3,LOG-10,0,0,1,1,1,None,0,7,1,7636,VDS,0.1428571429
Lucene,log4j-2.13.3,LOG-11,0,0,0,0,1,None,0,17,1,6715,VDS,0.05882352941
Lucene,log4j-2.13.3,LOG-7,0,1,1,1,1,None,0,5,1,5183,VDS,0.2
Lucene,apache-httpcomponents-4.5.9,HCO-1,0,0,0,0,0,None,0,430,1,3866,CDS,0.002325581395
Lucene,apache-httpcomponents-4.5.9,HCO-2,0,0,0,0,0,None,0,27,1,2811,CDS,0.03703703704
Lucene,apache-httpcomponents-4.5.9,HCO-3,0,0,0,1,1,None,0,14,1,946,CDS,0.07142857143
Lucene,apache-httpcomponents-4.5.9,HCO-4,0,0,1,1,1,None,0,7,1,1128,CDS,0.1428571429
Lucene,apache-httpcomponents-4.5.9,HCO-5,1,1,1,1,1,None,0,1,1,2720,CDS,1
Lucene,apache-httpcomponents-4.5.9,HCO-6,0,0,0,0,1,None,0,17,1,788,CDS,0.05882352941
Lucene,apache-httpcomponents-4.5.9,HCO-7,0,0,0,0,0,None,0,105,1,3473,CDS,0.009523809524
Lucene,apache-httpcomponents-4.5.9,HCO-8,0,0,1,1,1,None,0,7,1,1901,CDS,0.1428571429
Lucene,apache-httpcomponents-4.5.9,HCO-9,0,0,0,0,0,None,0,4599,1,4932,CDS,0.0002174385736
Lucene,apache-httpcomponents-4.5.9,HCO-10,0,0,0,0,0,None,0,1473,1,2980,CDS,0.0006788866259
Lucene,apache-httpcomponents-4.5.9,HCO-11,0,0,0,0,0,None,0,55,1,2592,CDS,0.01818181818
Lucene,apache-httpcomponents-4.5.9,HCO-12,0,0,0,0,0,None,0,23,1,4805,CDS,0.04347826087
Lucene,apache-httpcomponents-4.5.9,HCO-13,0,0,0,1,1,None,0,12,1,2403,CDS,0.08333333333
Lucene,apache-httpcomponents-4.5.9,HCO-14,0,0,0,0,0,None,0,26,1,3189,CDS,0.03846153846
Lucene,apache-httpcomponents-4.5.9,HCO-15,0,0,0,0,1,None,0,18,1,4881,CDS,0.05555555556
Lucene,apache-httpcomponents-4.5.9,HCO-16,0,0,1,1,1,None,0,7,1,1015,CDS,0.1428571429
Lucene,apache-httpcomponents-4.5.9,HCO-17,0,0,0,0,0,None,0,52,1,2765,CDS,0.01923076923
Lucene,apache-httpcomponents-4.5.9,HCO-18,0,0,0,0,0,None,0,59,1,2753,CDS,0.01694915254
Lucene,apache-httpcomponents-4.5.9,HCO-19,0,0,1,1,1,None,0,10,1,2074,CDS,0.1
Lucene,apache-httpcomponents-4.5.9,HCO-20,0,0,1,1,1,None,0,10,1,1795,CDS,0.1
Lucene,swarm-2.8.11,SWA-1,1,1,1,1,1,None,0,1,1,3498,CDS,1
Lucene,swarm-2.8.11,SWA-2,0,0,0,1,1,None,0,14,1,3498,CDS,0.07142857143
Lucene,swarm-2.8.11,SWA-3,0,0,0,0,0,None,0,78,1,1708,CDS,0.01282051282
Lucene,swarm-2.8.11,SWA-4,0,0,0,0,0,None,0,1112,1,1253,CDS,0.0008992805755
Lucene,swarm-2.8.11,SWA-5,0,0,0,0,0,None,0,49,1,1990,CDS,0.02040816327
Lucene,swarm-2.8.11,SWA-6,0,0,0,1,1,None,0,14,1,1771,CDS,0.07142857143
Lucene,swarm-2.8.11,SWA-7,0,0,0,0,0,None,0,32,1,2801,CDS,0.03125
Lucene,swarm-2.8.11,SWA-8,0,0,1,1,1,None,0,8,1,2179,CDS,0.125
Lucene,swarm-2.8.11,SWA-9,0,0,0,0,0,None,0,103,1,854,CDS,0.009708737864
Lucene,swarm-2.8.11,SWA-10,0,0,0,0,0,None,0,101,1,818,CDS,0.009900990099
Lucene,swarm-2.8.11,SWA-11,0,0,0,0,0,None,0,25,1,2796,CDS,0.04
Lucene,swarm-2.8.11,SWA-12,0,0,0,0,0,None,0,38,1,2168,CDS,0.02631578947
Lucene,swarm-2.8.11,SWA-13,0,0,0,0,1,None,0,19,1,488,CDS,0.05263157895
Lucene,swarm-2.8.11,SWA-14,0,0,0,0,1,None,0,19,1,1052,CDS,0.05263157895
Lucene,swarm-2.8.11,SWA-15,0,0,0,0,0,None,0,83,1,242,CDS,0.01204819277
Lucene,swarm-2.8.11,SWA-16,1,1,1,1,1,None,0,1,1,672,CDS,1
Lucene,swarm-2.8.11,SWA-17,1,1,1,1,1,None,0,1,1,3552,CDS,1
Lucene,swarm-2.8.11,SWA-18,0,0,0,0,0,None,0,112,1,3872,CDS,0.008928571429
Lucene,swarm-2.8.11,SWA-19,0,0,0,0,0,None,0,122,1,3872,CDS,0.008196721311
Lucene,swarm-2.8.11,SWA-20,0,0,0,1,1,None,0,11,1,828,CDS,0.09090909091
Lucene,swarm-2.8.11,SWA-21,1,1,1,1,1,None,0,1,1,2190,CDS,1
Lucene,swarm-2.8.11,SWA-22,0,1,1,1,1,None,0,4,1,1779,CDS,0.25
Lucene,swarm-2.8.11,SWA-23,0,0,0,0,0,None,0,57,1,2895,CDS,0.01754385965
Lucene,swarm-2.8.11,SWA-24,1,1,1,1,1,None,0,1,1,1467,CDS,1
Lucene,swarm-2.8.11,SWA-25,0,0,1,1,1,None,0,8,1,588,CDS,0.125
Lucene,jedit-5.6pre0,JED-1,0,0,1,1,1,None,0,10,1,4377,CDS,0.1
Lucene,jedit-5.6pre0,JED-2,0,0,1,1,1,None,0,8,1,3629,CDS,0.125
Lucene,jedit-5.6pre0,JED-3,0,0,0,0,0,None,0,570,1,3702,CDS,0.001754385965
Lucene,jedit-5.6pre0,JED-4,0,0,0,0,0,None,0,929,1,6493,CDS,0.001076426265
Lucene,jedit-5.6pre0,JED-5,0,0,0,0,0,None,0,929,1,6493,CDS,0.001076426265
Lucene,jedit-5.6pre0,JED-6,0,0,0,0,0,N/A,N/A,,0,6493,CDS,0
Lucene,jedit-5.6pre0,JED-7,0,0,0,1,1,None,0,14,1,4642,CDS,0.07142857143
Lucene,jedit-5.6pre0,JED-8,1,1,1,1,1,None,0,1,1,4642,CDS,1
Lucene,jedit-5.6pre0,JED-9,0,1,1,1,1,None,0,4,1,4122,CDS,0.25
Lucene,jedit-5.6pre0,JED-10,0,0,0,0,0,N/A,N/A,,0,6131,CDS,0
Lucene,jedit-5.6pre0,JED-11,0,0,0,0,0,None,0,83,1,3337,CDS,0.01204819277
Lucene,jedit-5.6pre0,JED-12,0,1,1,1,1,None,0,3,1,3983,CDS,0.3333333333
Lucene,jedit-5.6pre0,JED-13,1,1,1,1,1,None,0,1,1,2688,CDS,1
Lucene,jedit-5.6pre0,JED-14,0,1,1,1,1,None,0,3,1,4153,CDS,0.3333333333
Lucene,jedit-5.6pre0,JED-15,0,1,1,1,1,None,0,2,1,4332,CDS,0.5
Lucene,jedit-5.6pre0,JED-16,0,0,1,1,1,None,0,10,1,3908,CDS,0.1
Lucene,jedit-5.6pre0,JED-17,0,0,1,1,1,None,0,7,1,3814,CDS,0.1428571429
Lucene,jedit-5.6pre0,JED-18,0,0,0,1,1,None,0,12,1,4541,CDS,0.08333333333
Lucene,jedit-5.6pre0,JED-19,0,1,1,1,1,None,0,5,1,4541,CDS,0.2
Lucene,jedit-5.6pre0,JED-20,0,0,0,0,1,None,0,17,1,3333,CDS,0.05882352941
Lucene,jedit-5.6pre0,JED-21,0,1,1,1,1,None,0,3,1,5366,CDS,0.3333333333
Lucene,jedit-5.6pre0,JED-22,0,1,1,1,1,None,0,3,1,4755,CDS,0.3333333333
Lucene,jedit-5.6pre0,JED-23,0,0,0,0,0,N/A,N/A,,0,4588,CDS,0
Lucene,jedit-5.6pre0,JED-24,0,0,1,1,1,None,0,6,1,1408,CDS,0.1666666667
Lucene,jedit-5.6pre0,JED-25,0,1,1,1,1,None,0,2,1,1631,CDS,0.5
Lucene,jedit-5.6pre0,JED-26,0,1,1,1,1,None,0,2,1,4521,CDS,0.5
Lucene,jedit-5.6pre0,JED-27,0,0,0,1,1,None,0,12,1,6612,CDS,0.08333333333
Lucene,jedit-5.6pre0,JED-28,0,0,1,1,1,None,0,8,1,4492,CDS,0.125
Lucene,shardingsphere-5.0.0-rc1,SHS-2,0,0,1,1,1,None,0,6,1,3803,VDS,0.1666666667
Lucene,shardingsphere-5.0.0-rc1,SHS-3,1,1,1,1,1,None,0,1,1,4121,VDS,1
Lucene,shardingsphere-5.0.0-rc1,SHS-4,0,1,1,1,1,None,0,5,1,798,VDS,0.2
Lucene,shardingsphere-5.0.0-rc1,SHS-5,1,1,1,1,1,None,0,1,1,4247,VDS,1
Lucene,shardingsphere-5.0.0-rc1,SHS-6,1,1,1,1,1,None,0,1,1,3512,VDS,1
Lucene,shardingsphere-5.0.0-rc1,SHS-10,1,1,1,1,1,None,0,1,1,4847,VDS,1
Lucene,shardingsphere-5.0.0-rc1,SHS-11,1,1,1,1,1,None,0,1,1,3058,VDS,1
Lucene,shardingsphere-5.0.0-rc1,SHS-12,1,1,1,1,1,None,0,1,1,3045,VDS,1
Lucene,shardingsphere-5.0.0-rc1,SHS-9,0,1,1,1,1,None,0,3,1,4870,VDS,0.3333333333
Lucene,shardingsphere-5.0.0-rc1,SHS-7,0,1,1,1,1,None,0,5,1,3458,VDS,0.2
Lucene,shardingsphere-5.0.0-rc1,SHS-1,0,1,1,1,1,None,0,4,1,2577,VDS,0.25
Lucene,shardingsphere-5.0.0-rc1,SHS-8,1,1,1,1,1,None,0,1,1,4100,VDS,1
Lucene,shardingsphere-5.0.0-rc1,SHS-13,0,0,0,0,0,None,0,35,1,2259,VDS,0.02857142857
Lucene,shardingsphere-5.0.0-rc1,SHS-14,1,1,1,1,1,None,0,1,1,737,VDS,1
Lucene,jabref-5.0,JAB-6,0,0,1,1,1,None,0,9,1,4320,VDS,0.1111111111
Lucene,jabref-5.0,JAB-13,0,1,1,1,1,None,0,2,1,5437,VDS,0.5
Lucene,jabref-5.0,JAB-14,0,0,0,0,0,None,0,100,1,5544,VDS,0.01
Lucene,jabref-5.0,JAB-15,0,0,0,0,0,None,0,28,1,4441,VDS,0.03571428571
Lucene,jabref-5.0,JAB-16,0,1,1,1,1,None,0,2,1,3739,VDS,0.5
Lucene,jabref-5.0,JAB-9,0,0,1,1,1,None,0,6,1,7192,VDS,0.1666666667
Lucene,jabref-5.0,JAB-10,0,0,0,0,0,None,0,23,1,7077,VDS,0.04347826087
Lucene,jabref-5.0,JAB-11,0,0,1,1,1,None,0,8,1,4228,VDS,0.125
Lucene,jabref-5.0,JAB-1,1,1,1,1,1,None,0,1,1,4643,VDS,1
Lucene,jabref-5.0,JAB-2,0,1,1,1,1,None,0,2,1,3403,VDS,0.5
Lucene,jabref-5.0,JAB-4,0,0,0,0,0,None,0,215,1,5431,VDS,0.004651162791
Lucene,jabref-5.0,JAB-5,1,1,1,1,1,None,0,1,1,1997,VDS,1
Lucene,jabref-5.0,JAB-8,0,0,0,0,0,None,0,44,1,2601,VDS,0.02272727273
Lucene,jabref-5.0,JAB-18,0,1,1,1,1,None,0,4,1,4245,VDS,0.25
Lucene,jabref-5.0,JAB-20,0,0,0,0,1,None,0,18,1,3794,VDS,0.05555555556
Lucene,jabref-5.0,JAB-21,1,1,1,1,1,None,0,1,1,4877,VDS,1
Lucene,jabref-5.0,JAB-12,0,0,1,1,1,None,0,7,1,3365,VDS,0.1428571429
Lucene,jabref-5.0,JAB-3,0,0,0,0,1,None,0,17,1,4341,VDS,0.05882352941
Lucene,jabref-5.0,JAB-7,0,0,0,0,0,None,0,3073,1,3689,VDS,0.000325414904
Lucene,jabref-5.0,JAB-17,0,1,1,1,1,None,0,2,1,5241,VDS,0.5
Lucene,jabref-5.0,JAB-22,1,1,1,1,1,None,0,1,1,1866,VDS,1
Lucene,jabref-5.0,JAB-19,0,0,0,0,0,None,0,21,1,4394,VDS,0.04761904762
Lucene,jabref-5.0,JAB-23,0,0,1,1,1,None,0,6,1,2364,VDS,0.1666666667
Lucene,rhino-1.6R5,RHI-1,1,1,1,1,1,None,0,1,1,1607,CDS,1
Lucene,rhino-1.6R5,RHI-2,0,0,0,0,0,None,0,31,1,1129,CDS,0.03225806452
Lucene,rhino-1.6R5,RHI-3,0,1,1,1,1,None,0,4,1,1728,CDS,0.25
Lucene,rhino-1.6R5,RHI-4,0,0,0,0,0,None,0,539,1,1063,CDS,0.00185528757
Lucene,rhino-1.6R5,RHI-5,0,0,0,0,0,None,0,82,1,1291,CDS,0.01219512195
Lucene,rhino-1.6R5,RHI-6,0,1,1,1,1,None,0,2,1,1824,CDS,0.5
Lucene,rhino-1.6R5,RHI-7,0,0,0,0,0,None,0,192,1,1520,CDS,0.005208333333
Lucene,rhino-1.6R5,RHI-8,0,0,0,0,0,None,0,849,1,1522,CDS,0.001177856302
Lucene,rhino-1.6R5,RHI-9,0,0,0,0,0,None,0,511,1,1875,CDS,0.001956947162
Lucene,rhino-1.6R5,RHI-10,0,0,0,0,0,None,0,93,1,1802,CDS,0.01075268817
Lucene,rhino-1.6R5,RHI-11,0,0,0,0,0,None,0,64,1,1377,CDS,0.015625
Lucene,rhino-1.6R5,RHI-12,0,1,1,1,1,None,0,3,1,1923,CDS,0.3333333333
Lucene,rhino-1.6R5,RHI-13,0,1,1,1,1,None,0,2,1,1923,CDS,0.5
Lucene,rhino-1.6R5,RHI-14,0,1,1,1,1,None,0,3,1,1923,CDS,0.3333333333
Lucene,rhino-1.6R5,RHI-15,0,1,1,1,1,None,0,3,1,1267,CDS,0.3333333333
Lucene,rhino-1.6R5,RHI-16,1,1,1,1,1,None,0,1,1,1443,CDS,1
Lucene,rhino-1.6R5,RHI-17,0,0,0,1,1,None,0,11,1,2040,CDS,0.09090909091
Lucene,rhino-1.6R5,RHI-18,0,1,1,1,1,None,0,5,1,2097,CDS,0.2
Lucene,rhino-1.6R5,RHI-19,0,0,0,0,0,None,0,94,1,2053,CDS,0.01063829787
Lucene,rhino-1.6R5,RHI-20,0,1,1,1,1,None,0,2,1,1956,CDS,0.5
Lucene,rhino-1.6R5,RHI-21,0,0,0,0,0,None,0,1418,1,2160,CDS,0.0007052186178
Lucene,argouml-0.35.4,UML-1,0,0,0,0,0,None,0,264,1,6663,CDS,0.003787878788
Lucene,argouml-0.35.4,UML-2,0,0,0,0,1,None,0,19,1,4964,CDS,0.05263157895
Lucene,argouml-0.35.4,UML-3,0,1,1,1,1,None,0,4,1,8080,CDS,0.25
Lucene,argouml-0.35.4,UML-4,0,0,0,0,0,None,0,194,1,10643,CDS,0.005154639175
Lucene,argouml-0.35.4,UML-5,0,0,0,0,0,None,0,175,1,10536,CDS,0.005714285714
Lucene,argouml-0.35.4,UML-6,0,0,0,0,0,None,0,105,1,10936,CDS,0.009523809524
Lucene,argouml-0.35.4,UML-7,0,0,0,0,0,None,0,23,1,10936,CDS,0.04347826087
Lucene,argouml-0.35.4,UML-8,0,0,0,1,1,None,0,12,1,4166,CDS,0.08333333333
Lucene,argouml-0.35.4,UML-9,0,0,0,0,0,None,0,58,1,10318,CDS,0.01724137931
Lucene,argouml-0.35.4,UML-10,0,0,0,0,1,None,0,19,1,11606,CDS,0.05263157895
Lucene,argouml-0.35.4,UML-11,0,0,0,0,0,None,0,146,1,11606,CDS,0.006849315068
Lucene,argouml-0.35.4,UML-12,0,0,0,0,1,None,0,16,1,11748,CDS,0.0625
Lucene,argouml-0.35.4,UML-13,0,0,0,0,0,None,0,24,1,11748,CDS,0.04166666667
Lucene,argouml-0.35.4,UML-14,0,0,1,1,1,None,0,9,1,11146,CDS,0.1111111111
Lucene,argouml-0.35.4,UML-15,0,0,0,0,0,None,0,31,1,11146,CDS,0.03225806452
Lucene,argouml-0.35.4,UML-16,0,0,0,0,0,None,0,267,1,9088,CDS,0.003745318352
Lucene,argouml-0.35.4,UML-17,0,0,0,0,1,None,0,17,1,12284,CDS,0.05882352941
Lucene,argouml-0.35.4,UML-18,0,1,1,1,1,None,0,4,1,12032,CDS,0.25
Lucene,argouml-0.35.4,UML-19,0,1,1,1,1,None,0,4,1,3719,CDS,0.25
Lucene,argouml-0.35.4,UML-20,0,0,0,0,0,None,0,181,1,7091,CDS,0.005524861878
Lucene,argouml-0.35.4,UML-21,0,0,0,0,1,None,0,20,1,3520,CDS,0.05
Lucene,argouml-0.35.4,UML-22,0,1,1,1,1,None,0,4,1,2059,CDS,0.25
Lucene,apache-ant-1.10.6,ANT-1,0,0,0,0,0,None,0,2748,1,7420,CDS,0.0003639010189
Lucene,apache-ant-1.10.6,ANT-2,0,1,1,1,1,None,0,3,1,4838,CDS,0.3333333333
Lucene,apache-ant-1.10.6,ANT-3,0,0,0,0,0,None,0,558,1,8263,CDS,0.001792114695
Lucene,apache-ant-1.10.6,ANT-4,0,0,0,0,0,None,0,254,1,8263,CDS,0.003937007874
Lucene,apache-ant-1.10.6,ANT-5,0,0,0,0,0,None,0,24,1,8895,CDS,0.04166666667
Lucene,apache-ant-1.10.6,ANT-6,0,0,0,0,0,None,0,248,1,4187,CDS,0.004032258065
Lucene,apache-ant-1.10.6,ANT-7,0,0,0,0,0,None,0,28,1,10934,CDS,0.03571428571
Lucene,apache-ant-1.10.6,ANT-8,0,0,0,0,0,None,0,891,1,10934,CDS,0.001122334456
Lucene,apache-ant-1.10.6,ANT-9,0,0,1,1,1,None,0,9,1,10543,CDS,0.1111111111
Lucene,apache-ant-1.10.6,ANT-10,0,0,0,0,0,None,0,1158,1,2874,CDS,0.0008635578584
Lucene,apache-ant-1.10.6,ANT-11,1,1,1,1,1,None,0,1,1,4352,CDS,1
Lucene,apache-ant-1.10.6,ANT-12,0,0,1,1,1,None,0,7,1,8253,CDS,0.1428571429
Lucene,apache-ant-1.10.6,ANT-13,1,1,1,1,1,None,0,1,1,8923,CDS,1
Lucene,apache-ant-1.10.6,ANT-14,0,0,0,0,1,None,0,16,1,7148,CDS,0.0625
Lucene,apache-ant-1.10.6,ANT-15,0,0,0,0,1,None,0,16,1,7148,CDS,0.0625
Lucene,apache-ant-1.10.6,ANT-16,0,0,0,0,0,None,0,95,1,1520,CDS,0.01052631579
Lucene,apache-ant-1.10.6,ANT-17,1,1,1,1,1,None,0,1,1,6263,CDS,1
Lucene,apache-ant-1.10.6,ANT-18,0,0,0,0,0,None,0,51,1,10294,CDS,0.01960784314
Lucene,apache-ant-1.10.6,ANT-19,0,0,0,0,0,None,0,21,1,2461,CDS,0.04761904762
Lucene,apache-ant-1.10.6,ANT-20,0,0,0,0,0,None,0,69,1,7498,CDS,0.01449275362
Lucene,apache-ant-1.10.6,ANT-21,0,0,0,0,0,None,0,70,1,9371,CDS,0.01428571429
Lucene,apache-ant-1.10.6,ANT-22,0,0,0,0,0,None,0,158,1,2234,CDS,0.006329113924
Lucene,apache-ant-1.10.6,ANT-23,0,0,0,0,0,None,0,388,1,8945,CDS,0.002577319588
Lucene,apache-ant-1.10.6,ANT-24,0,0,0,0,1,None,0,18,1,9337,CDS,0.05555555556
Lucene,apache-ant-1.10.6,ANT-25,0,0,0,0,0,None,0,43,1,8282,CDS,0.02325581395
Lucene,apache-ant-1.10.6,ANT-26,0,0,0,0,0,None,0,102,1,7803,CDS,0.009803921569
Lucene,apache-ant-1.10.6,ANT-27,0,0,0,0,0,None,0,272,1,7803,CDS,0.003676470588
